,UID,IRR,Life,Payout,ROI,DROI,0.05,0.08,0.09,0.1,0.12,0.15,0.2,0.25,0.3,0.35,0.4,0.5,0.6,0.7,0.8,0.9,1.0,Oil_BE1,Oil_BE2
0,3501123860.0,1.0,50.08,50.08,0.0,0.0,111549.93990303733,92405.44587671521,87575.10582886904,83296.09094747939,76045.3588340764,67546.52759523195,57375.45922421508,50181.64889240714,44777.396859125955,40540.99912611767,37113.65867128816,31872.183201756932,28020.437708874426,25049.15322487664,22675.381946306083,20728.12123215175,19097.33367973921,4.75,-3.39
1,81244.0,1.0,50.92,50.92,0.0,0.0,474791.0668706985,410650.807295251,393710.97679748683,378377.202139227,351573.65312650456,318559.6091073336,276127.85268515174,243647.34097340048,217585.19095486874,196005.93944583004,177737.2066740009,148311.45724678892,125543.02756699316,107386.15459263884,92598.07384601844,80364.23094879155,70120.72958022065,18.23,22.15
2,81214.0,1.0,50.92,50.92,0.0,0.0,474791.0668706985,410650.807295251,393710.97679748683,378377.202139227,351573.65312650456,318559.6091073336,276127.85268515174,243647.34097340048,217585.19095486874,196005.93944583004,177737.2066740009,148311.45724678892,125543.02756699316,107386.15459263884,92598.07384601844,80364.23094879155,70120.72958022065,18.23,22.15
3,81324.0,1.0,50.92,50.92,0.0,0.0,474791.0668706985,410650.807295251,393710.97679748683,378377.202139227,351573.65312650456,318559.6091073336,276127.85268515174,243647.34097340048,217585.19095486874,196005.93944583004,177737.2066740009,148311.45724678892,125543.02756699316,107386.15459263884,92598.07384601844,80364.23094879155,70120.72958022065,18.23,22.15
4,81250.0,1.0,50.92,50.92,0.0,0.0,474791.0668706985,410650.807295251,393710.97679748683,378377.202139227,351573.65312650456,318559.6091073336,276127.85268515174,243647.34097340048,217585.19095486874,196005.93944583004,177737.2066740009,148311.45724678892,125543.02756699316,107386.15459263884,92598.07384601844,80364.23094879155,70120.72958022065,18.23,22.15
5,81186.0,1.0,50.92,50.92,0.0,0.0,474791.0668706985,410650.807295251,393710.97679748683,378377.202139227,351573.65312650456,318559.6091073336,276127.85268515174,243647.34097340048,217585.19095486874,196005.93944583004,177737.2066740009,148311.45724678892,125543.02756699316,107386.15459263884,92598.07384601844,80364.23094879155,70120.72958022065,18.23,22.15
6,81245.0,1.0,50.92,50.92,0.0,0.0,288627.9471295657,247544.55551849122,236765.7139046396,227037.4730620586,210101.93093605406,189372.87800452686,162961.97718246776,142936.98324337794,126999.11444590907,113895.77144981302,102871.93411744427,85256.76831036051,71753.77161330175,61070.58592733127,52428.843710484514,45322.53678003278,39404.07566632358,5.88,8.45
7,81215.0,1.0,50.92,50.92,0.0,0.0,288627.9471295657,247544.55551849122,236765.7139046396,227037.4730620586,210101.93093605406,189372.87800452686,162961.97718246776,142936.98324337794,126999.11444590907,113895.77144981302,102871.93411744427,85256.76831036051,71753.77161330175,61070.58592733127,52428.843710484514,45322.53678003278,39404.07566632358,5.88,8.45
8,81325.0,1.0,50.92,50.92,0.0,0.0,288627.9471295657,247544.55551849122,236765.7139046396,227037.4730620586,210101.93093605406,189372.87800452686,162961.97718246776,142936.98324337794,126999.11444590907,113895.77144981302,102871.93411744427,85256.76831036051,71753.77161330175,61070.58592733127,52428.843710484514,45322.53678003278,39404.07566632358,5.88,8.45
9,81251.0,1.0,50.92,50.92,0.0,0.0,288627.9471295657,247544.55551849122,236765.7139046396,227037.4730620586,210101.93093605406,189372.87800452686,162961.97718246776,142936.98324337794,126999.11444590907,113895.77144981302,102871.93411744427,85256.76831036051,71753.77161330175,61070.58592733127,52428.843710484514,45322.53678003278,39404.07566632358,5.88,8.45
10,81187.0,1.0,50.92,50.92,0.0,0.0,288627.9471295657,247544.55551849122,236765.7139046396,227037.4730620586,210101.93093605406,189372.87800452686,162961.97718246776,142936.98324337794,126999.11444590907,113895.77144981302,102871.93411744427,85256.76831036051,71753.77161330175,61070.58592733127,52428.843710484514,45322.53678003278,39404.07566632358,5.88,8.45
11,81305.0,1.0,50.92,50.92,0.0,0.0,288627.9471295657,247544.55551849122,236765.7139046396,227037.4730620586,210101.93093605406,189372.87800452686,162961.97718246776,142936.98324337794,126999.11444590907,113895.77144981302,102871.93411744427,85256.76831036051,71753.77161330175,61070.58592733127,52428.843710484514,45322.53678003278,39404.07566632358,5.88,8.45
12,81244.0,1.0,51.92,51.92,0.0,0.0,436355.8463605003,364844.1760230617,345926.15668150433,328800.63405982795,298888.42480411904,262170.3345976114,215459.29712098013,180397.38204643436,152964.58758156077,130905.64099341263,112823.44825278701,85151.38793327555,65286.7437086316,50645.615247839065,39650.758624070746,31277.028908519627,24828.483997871357,18.23,22.15
13,81214.0,1.0,51.92,51.92,0.0,0.0,436355.8463605003,364844.1760230617,345926.15668150433,328800.63405982795,298888.42480411904,262170.3345976114,215459.29712098013,180397.38204643436,152964.58758156077,130905.64099341263,112823.44825278701,85151.38793327555,65286.7437086316,50645.615247839065,39650.758624070746,31277.028908519627,24828.483997871357,18.23,22.15
14,81324.0,1.0,51.92,51.92,0.0,0.0,436355.8463605003,364844.1760230617,345926.15668150433,328800.63405982795,298888.42480411904,262170.3345976114,215459.29712098013,180397.38204643436,152964.58758156077,130905.64099341263,112823.44825278701,85151.38793327555,65286.7437086316,50645.615247839065,39650.758624070746,31277.028908519627,24828.483997871357,18.23,22.15
15,81250.0,1.0,51.92,51.92,0.0,0.0,436355.8463605003,364844.1760230617,345926.15668150433,328800.63405982795,298888.42480411904,262170.3345976114,215459.29712098013,180397.38204643436,152964.58758156077,130905.64099341263,112823.44825278701,85151.38793327555,65286.7437086316,50645.615247839065,39650.758624070746,31277.028908519627,24828.483997871357,18.23,22.15
16,81186.0,1.0,51.92,51.92,0.0,0.0,436355.8463605003,364844.1760230617,345926.15668150433,328800.63405982795,298888.42480411904,262170.3345976114,215459.29712098013,180397.38204643436,152964.58758156077,130905.64099341263,112823.44825278701,85151.38793327555,65286.7437086316,50645.615247839065,39650.758624070746,31277.028908519627,24828.483997871357,18.23,22.15
17,81245.0,1.0,51.92,51.92,0.0,0.0,265973.876211384,220515.6813054416,208577.66698848395,197805.52558449892,179073.83368284133,156234.42036358122,127445.09375283802,106047.94868364195,89444.72343553905,76188.8116846675,65390.49527382709,48994.96907514589,37333.6895524981,28805.723854408076,22444.71779109792,17628.855237151594,13939.790887996714,5.88,8.45
18,81215.0,1.0,51.92,51.92,0.0,0.0,265973.876211384,220515.6813054416,208577.66698848395,197805.52558449892,179073.83368284133,156234.42036358122,127445.09375283802,106047.94868364195,89444.72343553905,76188.8116846675,65390.49527382709,48994.96907514589,37333.6895524981,28805.723854408076,22444.71779109792,17628.855237151594,13939.790887996714,5.88,8.45
19,81325.0,1.0,51.92,51.92,0.0,0.0,265973.876211384,220515.6813054416,208577.66698848395,197805.52558449892,179073.83368284133,156234.42036358122,127445.09375283802,106047.94868364195,89444.72343553905,76188.8116846675,65390.49527382709,48994.96907514589,37333.6895524981,28805.723854408076,22444.71779109792,17628.855237151594,13939.790887996714,5.88,8.45
20,81251.0,1.0,51.92,51.92,0.0,0.0,265973.876211384,220515.6813054416,208577.66698848395,197805.52558449892,179073.83368284133,156234.42036358122,127445.09375283802,106047.94868364195,89444.72343553905,76188.8116846675,65390.49527382709,48994.96907514589,37333.6895524981,28805.723854408076,22444.71779109792,17628.855237151594,13939.790887996714,5.88,8.45
21,81187.0,1.0,51.92,51.92,0.0,0.0,265973.876211384,220515.6813054416,208577.66698848395,197805.52558449892,179073.83368284133,156234.42036358122,127445.09375283802,106047.94868364195,89444.72343553905,76188.8116846675,65390.49527382709,48994.96907514589,37333.6895524981,28805.723854408076,22444.71779109792,17628.855237151594,13939.790887996714,5.88,8.45
22,81305.0,1.0,51.92,51.92,0.0,0.0,265973.876211384,220515.6813054416,208577.66698848395,197805.52558449892,179073.83368284133,156234.42036358122,127445.09375283802,106047.94868364195,89444.72343553905,76188.8116846675,65390.49527382709,48994.96907514589,37333.6895524981,28805.723854408076,22444.71779109792,17628.855237151594,13939.790887996714,5.88,8.45
23,81244.0,1.0,52.92,52.92,0.0,0.0,411979.89545940625,333997.91530034924,313453.4266426096,294906.4560373007,262669.05249949644,223490.9259186977,174633.70175799192,139064.6334498817,112182.25103881647,91359.30228915632,74948.57722694092,51286.63561843918,35684.49510258211,25142.926538636682,17894.100862873336,12841.715732162094,9281.814070273524,18.23,22.15
24,81214.0,1.0,52.92,52.92,0.0,0.0,411979.89545940625,333997.91530034924,313453.4266426096,294906.4560373007,262669.05249949644,223490.9259186977,174633.70175799192,139064.6334498817,112182.25103881647,91359.30228915632,74948.57722694092,51286.63561843918,35684.49510258211,25142.926538636682,17894.100862873336,12841.715732162094,9281.814070273524,18.23,22.15
25,81324.0,1.0,52.92,52.92,0.0,0.0,411979.89545940625,333997.91530034924,313453.4266426096,294906.4560373007,262669.05249949644,223490.9259186977,174633.70175799192,139064.6334498817,112182.25103881647,91359.30228915632,74948.57722694092,51286.63561843918,35684.49510258211,25142.926538636682,17894.100862873336,12841.715732162094,9281.814070273524,18.23,22.15
26,81250.0,1.0,52.92,52.92,0.0,0.0,411979.89545940625,333997.91530034924,313453.4266426096,294906.4560373007,262669.05249949644,223490.9259186977,174633.70175799192,139064.6334498817,112182.25103881647,91359.30228915632,74948.57722694092,51286.63561843918,35684.49510258211,25142.926538636682,17894.100862873336,12841.715732162094,9281.814070273524,18.23,22.15
27,81186.0,1.0,52.92,52.92,0.0,0.0,411979.89545940625,333997.91530034924,313453.4266426096,294906.4560373007,262669.05249949644,223490.9259186977,174633.70175799192,139064.6334498817,112182.25103881647,91359.30228915632,74948.57722694092,51286.63561843918,35684.49510258211,25142.926538636682,17894.100862873336,12841.715732162094,9281.814070273524,18.23,22.15
28,81245.0,1.0,52.92,52.92,0.0,0.0,251924.72552272058,202587.499981884,189685.69577736594,178075.79040706487,157984.7561942589,133728.7167782869,103747.19454461637,82124.40542555295,65909.17180846901,53432.26424882236,43656.146271123056,29662.129852033984,20513.498841850513,14376.87165136909,10183.515274567178,7276.9606892307365,5239.170561418894,5.88,8.45
29,81215.0,1.0,52.92,52.92,0.0,0.0,251924.72552272058,202587.499981884,189685.69577736594,178075.79040706487,157984.7561942589,133728.7167782869,103747.19454461637,82124.40542555295,65909.17180846901,53432.26424882236,43656.146271123056,29662.129852033984,20513.498841850513,14376.87165136909,10183.515274567178,7276.9606892307365,5239.170561418894,5.88,8.45
30,81325.0,1.0,52.92,52.92,0.0,0.0,251924.72552272058,202587.499981884,189685.69577736594,178075.79040706487,157984.7561942589,133728.7167782869,103747.19454461637,82124.40542555295,65909.17180846901,53432.26424882236,43656.146271123056,29662.129852033984,20513.498841850513,14376.87165136909,10183.515274567178,7276.9606892307365,5239.170561418894,5.88,8.45
31,81251.0,1.0,52.92,52.92,0.0,0.0,251924.72552272058,202587.499981884,189685.69577736594,178075.79040706487,157984.7561942589,133728.7167782869,103747.19454461637,82124.40542555295,65909.17180846901,53432.26424882236,43656.146271123056,29662.129852033984,20513.498841850513,14376.87165136909,10183.515274567178,7276.9606892307365,5239.170561418894,5.88,8.45
32,81187.0,1.0,52.92,52.92,0.0,0.0,251924.72552272058,202587.499981884,189685.69577736594,178075.79040706487,157984.7561942589,133728.7167782869,103747.19454461637,82124.40542555295,65909.17180846901,53432.26424882236,43656.146271123056,29662.129852033984,20513.498841850513,14376.87165136909,10183.515274567178,7276.9606892307365,5239.170561418894,5.88,8.45
33,81305.0,1.0,52.92,52.92,0.0,0.0,251924.72552272058,202587.499981884,189685.69577736594,178075.79040706487,157984.7561942589,133728.7167782869,103747.19454461637,82124.40542555295,65909.17180846901,53432.26424882236,43656.146271123056,29662.129852033984,20513.498841850513,14376.87165136909,10183.515274567178,7276.9606892307365,5239.170561418894,5.88,8.45
34,81244.0,1.0,53.92,53.92,0.0,0.0,393315.5542432736,309625.6422017661,287746.163458378,268080.37499795784,234143.2889510193,193456.2987457223,143960.34533186254,109190.47139066253,83909.8988991163,65107.99005104801,50899.211625971824,31645.36397394556,20019.290917169194,12833.77652109822,8316.171800835511,5437.696603783371,3583.4710221883665,18.23,22.15
35,81214.0,1.0,53.92,53.92,0.0,0.0,393315.5542432736,309625.6422017661,287746.163458378,268080.37499795784,234143.2889510193,193456.2987457223,143960.34533186254,109190.47139066253,83909.8988991163,65107.99005104801,50899.211625971824,31645.36397394556,20019.290917169194,12833.77652109822,8316.171800835511,5437.696603783371,3583.4710221883665,18.23,22.15
36,81324.0,1.0,53.92,53.92,0.0,0.0,393315.5542432736,309625.6422017661,287746.163458378,268080.37499795784,234143.2889510193,193456.2987457223,143960.34533186254,109190.47139066253,83909.8988991163,65107.99005104801,50899.211625971824,31645.36397394556,20019.290917169194,12833.77652109822,8316.171800835511,5437.696603783371,3583.4710221883665,18.23,22.15
37,81250.0,1.0,53.92,53.92,0.0,0.0,393315.5542432736,309625.6422017661,287746.163458378,268080.37499795784,234143.2889510193,193456.2987457223,143960.34533186254,109190.47139066253,83909.8988991163,65107.99005104801,50899.211625971824,31645.36397394556,20019.290917169194,12833.77652109822,8316.171800835511,5437.696603783371,3583.4710221883665,18.23,22.15
38,81186.0,1.0,53.92,53.92,0.0,0.0,393315.5542432736,309625.6422017661,287746.163458378,268080.37499795784,234143.2889510193,193456.2987457223,143960.34533186254,109190.47139066253,83909.8988991163,65107.99005104801,50899.211625971824,31645.36397394556,20019.290917169194,12833.77652109822,8316.171800835511,5437.696603783371,3583.4710221883665,18.23,22.15
39,81245.0,1.0,53.92,53.92,0.0,0.0,240848.6279019477,188108.28196785567,174422.23326758476,162160.04977503183,141090.65835186807,115992.44795651303,85719.61119878184,64643.45878670811,49431.734400986155,38188.79240140014,29738.446614444714,18364.074140217293,11550.249409575585,7367.092787174761,4752.322147575779,3094.7834505570318,2031.9307777847264,5.88,8.45
40,81215.0,1.0,53.92,53.92,0.0,0.0,240848.6279019477,188108.28196785567,174422.23326758476,162160.04977503183,141090.65835186807,115992.44795651303,85719.61119878184,64643.45878670811,49431.734400986155,38188.79240140014,29738.446614444714,18364.074140217293,11550.249409575585,7367.092787174761,4752.322147575779,3094.7834505570318,2031.9307777847264,5.88,8.45
41,81325.0,1.0,53.92,53.92,0.0,0.0,240848.6279019477,188108.28196785567,174422.23326758476,162160.04977503183,141090.65835186807,115992.44795651303,85719.61119878184,64643.45878670811,49431.734400986155,38188.79240140014,29738.446614444714,18364.074140217293,11550.249409575585,7367.092787174761,4752.322147575779,3094.7834505570318,2031.9307777847264,5.88,8.45
42,81251.0,1.0,53.92,53.92,0.0,0.0,240848.6279019477,188108.28196785567,174422.23326758476,162160.04977503183,141090.65835186807,115992.44795651303,85719.61119878184,64643.45878670811,49431.734400986155,38188.79240140014,29738.446614444714,18364.074140217293,11550.249409575585,7367.092787174761,4752.322147575779,3094.7834505570318,2031.9307777847264,5.88,8.45
43,81187.0,1.0,53.92,53.92,0.0,0.0,240848.6279019477,188108.28196785567,174422.23326758476,162160.04977503183,141090.65835186807,115992.44795651303,85719.61119878184,64643.45878670811,49431.734400986155,38188.79240140014,29738.446614444714,18364.074140217293,11550.249409575585,7367.092787174761,4752.322147575779,3094.7834505570318,2031.9307777847264,5.88,8.45
44,81305.0,1.0,53.92,53.92,0.0,0.0,240848.6279019477,188108.28196785567,174422.23326758476,162160.04977503183,141090.65835186807,115992.44795651303,85719.61119878184,64643.45878670811,49431.734400986155,38188.79240140014,29738.446614444714,18364.074140217293,11550.249409575585,7367.092787174761,4752.322147575779,3094.7834505570318,2031.9307777847264,5.88,8.45
45,81244.0,1.0,54.92,54.92,0.0,0.0,374233.79274988704,285949.2212730276,263118.72998871637,242717.3995263592,207833.37115005843,166701.26189921427,118087.92693311823,85278.64692951011,62409.06103551066,46124.649203958346,34352.55664736645,19395.84945827991,11151.424173170628,6501.990191117051,3834.8447417007274,2283.9637810329505,1371.9574591585372,18.23,22.15
46,81214.0,1.0,54.92,54.92,0.0,0.0,374233.79274988704,285949.2212730276,263118.72998871637,242717.3995263592,207833.37115005843,166701.26189921427,118087.92693311823,85278.64692951011,62409.06103551066,46124.649203958346,34352.55664736645,19395.84945827991,11151.424173170628,6501.990191117051,3834.8447417007274,2283.9637810329505,1371.9574591585372,18.23,22.15
47,81324.0,1.0,54.92,54.92,0.0,0.0,374233.79274988704,285949.2212730276,263118.72998871637,242717.3995263592,207833.37115005843,166701.26189921427,118087.92693311823,85278.64692951011,62409.06103551066,46124.649203958346,34352.55664736645,19395.84945827991,11151.424173170628,6501.990191117051,3834.8447417007274,2283.9637810329505,1371.9574591585372,18.23,22.15
48,81250.0,1.0,54.92,54.92,0.0,0.0,374233.79274988704,285949.2212730276,263118.72998871637,242717.3995263592,207833.37115005843,166701.26189921427,118087.92693311823,85278.64692951011,62409.06103551066,46124.649203958346,34352.55664736645,19395.84945827991,11151.424173170628,6501.990191117051,3834.8447417007274,2283.9637810329505,1371.9574591585372,18.23,22.15
49,81186.0,1.0,54.92,54.92,0.0,0.0,374233.79274988704,285949.2212730276,263118.72998871637,242717.3995263592,207833.37115005843,166701.26189921427,118087.92693311823,85278.64692951011,62409.06103551066,46124.649203958346,34352.55664736645,19395.84945827991,11151.424173170628,6501.990191117051,3834.8447417007274,2283.9637810329505,1371.9574591585372,18.23,22.15
50,81245.0,1.0,54.92,54.92,0.0,0.0,229164.29285304912,173724.69090158166,159494.58293449768,146818.8656619748,125237.5010368513,99951.41628973791,70314.85295910074,50487.67588149736,36766.00589023156,27054.638911005626,20071.237728971715,11255.821365615226,6434.04242165234,3732.503839146278,2191.5116376974165,1299.9279945482967,777.9677519238762,5.88,8.45
51,81215.0,1.0,54.92,54.92,0.0,0.0,229164.29285304912,173724.69090158166,159494.58293449768,146818.8656619748,125237.5010368513,99951.41628973791,70314.85295910074,50487.67588149736,36766.00589023156,27054.638911005626,20071.237728971715,11255.821365615226,6434.04242165234,3732.503839146278,2191.5116376974165,1299.9279945482967,777.9677519238762,5.88,8.45
52,81325.0,1.0,54.92,54.92,0.0,0.0,229164.29285304912,173724.69090158166,159494.58293449768,146818.8656619748,125237.5010368513,99951.41628973791,70314.85295910074,50487.67588149736,36766.00589023156,27054.638911005626,20071.237728971715,11255.821365615226,6434.04242165234,3732.503839146278,2191.5116376974165,1299.9279945482967,777.9677519238762,5.88,8.45
53,81251.0,1.0,54.92,54.92,0.0,0.0,229164.29285304912,173724.69090158166,159494.58293449768,146818.8656619748,125237.5010368513,99951.41628973791,70314.85295910074,50487.67588149736,36766.00589023156,27054.638911005626,20071.237728971715,11255.821365615226,6434.04242165234,3732.503839146278,2191.5116376974165,1299.9279945482967,777.9677519238762,5.88,8.45
54,81187.0,1.0,54.92,54.92,0.0,0.0,229164.29285304912,173724.69090158166,159494.58293449768,146818.8656619748,125237.5010368513,99951.41628973791,70314.85295910074,50487.67588149736,36766.00589023156,27054.638911005626,20071.237728971715,11255.821365615226,6434.04242165234,3732.503839146278,2191.5116376974165,1299.9279945482967,777.9677519238762,5.88,8.45
55,81305.0,1.0,54.92,54.92,0.0,0.0,229164.29285304912,173724.69090158166,159494.58293449768,146818.8656619748,125237.5010368513,99951.41628973791,70314.85295910074,50487.67588149736,36766.00589023156,27054.638911005626,20071.237728971715,11255.821365615226,6434.04242165234,3732.503839146278,2191.5116376974165,1299.9279945482967,777.9677519238762,5.88,8.45
56,81244.0,1.0,55.92,55.92,0.0,0.0,356019.17602229567,264034.48891306977,240553.1822380793,219710.80697771948,184441.5642113645,143614.57082779647,96841.71747269726,66585.8869642871,46404.624613105814,32666.64535373954,23177.884537622154,11884.026214787376,6209.530245591157,3292.885358746313,1767.6777787826454,958.9316248935797,525.0436013210416,18.23,22.15
57,81214.0,1.0,55.92,55.92,0.0,0.0,356019.17602229567,264034.48891306977,240553.1822380793,219710.80697771948,184441.5642113645,143614.57082779647,96841.71747269726,66585.8869642871,46404.624613105814,32666.64535373954,23177.884537622154,11884.026214787376,6209.530245591157,3292.885358746313,1767.6777787826454,958.9316248935797,525.0436013210416,18.23,22.15
58,81324.0,1.0,55.92,55.92,0.0,0.0,356019.17602229567,264034.48891306977,240553.1822380793,219710.80697771948,184441.5642113645,143614.57082779647,96841.71747269726,66585.8869642871,46404.624613105814,32666.64535373954,23177.884537622154,11884.026214787376,6209.530245591157,3292.885358746313,1767.6777787826454,958.9316248935797,525.0436013210416,18.23,22.15
59,81250.0,1.0,55.92,55.92,0.0,0.0,356019.17602229567,264034.48891306977,240553.1822380793,219710.80697771948,184441.5642113645,143614.57082779647,96841.71747269726,66585.8869642871,46404.624613105814,32666.64535373954,23177.884537622154,11884.026214787376,6209.530245591157,3292.885358746313,1767.6777787826454,958.9316248935797,525.0436013210416,18.23,22.15
60,81186.0,1.0,55.92,55.92,0.0,0.0,356019.17602229567,264034.48891306977,240553.1822380793,219710.80697771948,184441.5642113645,143614.57082779647,96841.71747269726,66585.8869642871,46404.624613105814,32666.64535373954,23177.884537622154,11884.026214787376,6209.530245591157,3292.885358746313,1767.6777787826454,958.9316248935797,525.0436013210416,18.23,22.15
61,81245.0,1.0,55.92,55.92,0.0,0.0,218010.4637685722,160410.6833009474,145816.03322680222,132902.26212498077,111141.92326929755,86109.00475822252,57663.90605075275,39420.966447951825,27337.580049292155,19160.78083480487,13542.18946160841,6896.551577473309,3582.7155705177797,1890.299259476062,1010.1807725814851,545.7801364490497,297.72569656224744,5.88,8.45
62,81215.0,1.0,55.92,55.92,0.0,0.0,218010.4637685722,160410.6833009474,145816.03322680222,132902.26212498077,111141.92326929755,86109.00475822252,57663.90605075275,39420.966447951825,27337.580049292155,19160.78083480487,13542.18946160841,6896.551577473309,3582.7155705177797,1890.299259476062,1010.1807725814851,545.7801364490497,297.72569656224744,5.88,8.45
63,81325.0,1.0,55.92,55.92,0.0,0.0,218010.4637685722,160410.6833009474,145816.03322680222,132902.26212498077,111141.92326929755,86109.00475822252,57663.90605075275,39420.966447951825,27337.580049292155,19160.78083480487,13542.18946160841,6896.551577473309,3582.7155705177797,1890.299259476062,1010.1807725814851,545.7801364490497,297.72569656224744,5.88,8.45
64,81251.0,1.0,55.92,55.92,0.0,0.0,218010.4637685722,160410.6833009474,145816.03322680222,132902.26212498077,111141.92326929755,86109.00475822252,57663.90605075275,39420.966447951825,27337.580049292155,19160.78083480487,13542.18946160841,6896.551577473309,3582.7155705177797,1890.299259476062,1010.1807725814851,545.7801364490497,297.72569656224744,5.88,8.45
65,81187.0,1.0,55.92,55.92,0.0,0.0,218010.4637685722,160410.6833009474,145816.03322680222,132902.26212498077,111141.92326929755,86109.00475822252,57663.90605075275,39420.966447951825,27337.580049292155,19160.78083480487,13542.18946160841,6896.551577473309,3582.7155705177797,1890.299259476062,1010.1807725814851,545.7801364490497,297.72569656224744,5.88,8.45
66,81305.0,1.0,55.92,55.92,0.0,0.0,218010.4637685722,160410.6833009474,145816.03322680222,132902.26212498077,111141.92326929755,86109.00475822252,57663.90605075275,39420.966447951825,27337.580049292155,19160.78083480487,13542.18946160841,6896.551577473309,3582.7155705177797,1890.299259476062,1010.1807725814851,545.7801364490497,297.72569656224744,5.88,8.45
67,81244.0,1.0,56.92,56.92,0.0,0.0,338691.09671853005,243799.269762732,219922.89749706583,198884.95343556223,163682.5232660685,123725.18791442565,79418.09536865982,51990.509963011296,34504.43172439321,23135.346004439973,15638.263467663284,7281.458818162961,3457.6987900504455,1667.6576966633313,814.8138816739086,402.6114025350979,200.93245708744217,18.23,22.15
68,81214.0,1.0,56.92,56.92,0.0,0.0,338691.09671853005,243799.269762732,219922.89749706583,198884.95343556223,163682.5232660685,123725.18791442565,79418.09536865982,51990.509963011296,34504.43172439321,23135.346004439973,15638.263467663284,7281.458818162961,3457.6987900504455,1667.6576966633313,814.8138816739086,402.6114025350979,200.93245708744217,18.23,22.15
69,81324.0,1.0,56.92,56.92,0.0,0.0,338691.09671853005,243799.269762732,219922.89749706583,198884.95343556223,163682.5232660685,123725.18791442565,79418.09536865982,51990.509963011296,34504.43172439321,23135.346004439973,15638.263467663284,7281.458818162961,3457.6987900504455,1667.6576966633313,814.8138816739086,402.6114025350979,200.93245708744217,18.23,22.15
70,81250.0,1.0,56.92,56.92,0.0,0.0,338691.09671853005,243799.269762732,219922.89749706583,198884.95343556223,163682.5232660685,123725.18791442565,79418.09536865982,51990.509963011296,34504.43172439321,23135.346004439973,15638.263467663284,7281.458818162961,3457.6987900504455,1667.6576966633313,814.8138816739086,402.6114025350979,200.93245708744217,18.23,22.15
71,81186.0,1.0,56.92,56.92,0.0,0.0,338691.09671853005,243799.269762732,219922.89749706583,198884.95343556223,163682.5232660685,123725.18791442565,79418.09536865982,51990.509963011296,34504.43172439321,23135.346004439973,15638.263467663284,7281.458818162961,3457.6987900504455,1667.6576966633313,814.8138816739086,402.6114025350979,200.93245708744217,18.23,22.15
72,81245.0,1.0,56.92,56.92,0.0,0.0,207399.51115798598,148117.04187549406,133310.58117962567,120304.77962282549,98632.81369981728,74183.64817320618,47289.099259926326,30780.0382679143,20327.018528548404,13570.150516778016,9136.999814883531,4225.584443445892,1994.9900883516618,957.3282290830923,465.64443270103345,229.148044039047,113.93864356751499,5.88,8.45
73,81215.0,1.0,56.92,56.92,0.0,0.0,207399.51115798598,148117.04187549406,133310.58117962567,120304.77962282549,98632.81369981728,74183.64817320618,47289.099259926326,30780.0382679143,20327.018528548404,13570.150516778016,9136.999814883531,4225.584443445892,1994.9900883516618,957.3282290830923,465.64443270103345,229.148044039047,113.93864356751499,5.88,8.45
74,81325.0,1.0,56.92,56.92,0.0,0.0,207399.51115798598,148117.04187549406,133310.58117962567,120304.77962282549,98632.81369981728,74183.64817320618,47289.099259926326,30780.0382679143,20327.018528548404,13570.150516778016,9136.999814883531,4225.584443445892,1994.9900883516618,957.3282290830923,465.64443270103345,229.148044039047,113.93864356751499,5.88,8.45
75,81251.0,1.0,56.92,56.92,0.0,0.0,207399.51115798598,148117.04187549406,133310.58117962567,120304.77962282549,98632.81369981728,74183.64817320618,47289.099259926326,30780.0382679143,20327.018528548404,13570.150516778016,9136.999814883531,4225.584443445892,1994.9900883516618,957.3282290830923,465.64443270103345,229.148044039047,113.93864356751499,5.88,8.45
76,81187.0,1.0,56.92,56.92,0.0,0.0,207399.51115798598,148117.04187549406,133310.58117962567,120304.77962282549,98632.81369981728,74183.64817320618,47289.099259926326,30780.0382679143,20327.018528548404,13570.150516778016,9136.999814883531,4225.584443445892,1994.9900883516618,957.3282290830923,465.64443270103345,229.148044039047,113.93864356751499,5.88,8.45
77,81305.0,1.0,56.92,56.92,0.0,0.0,207399.51115798598,148117.04187549406,133310.58117962567,120304.77962282549,98632.81369981728,74183.64817320618,47289.099259926326,30780.0382679143,20327.018528548404,13570.150516778016,9136.999814883531,4225.584443445892,1994.9900883516618,957.3282290830923,465.64443270103345,229.148044039047,113.93864356751499,5.88,8.45
78,81244.0,1.0,57.92,57.92,0.0,0.0,322206.4055033284,225114.84837274667,201061.90403931646,180033.13194820227,145259.92846191794,106590.31347741984,65129.306218301586,40594.38492820137,25655.973268816615,16385.038284437254,10551.234038943108,4461.420865483318,1925.3760670873603,844.573038612944,375.5897538213826,169.03805990262097,76.89618959190001,18.23,22.15
79,81214.0,1.0,57.92,57.92,0.0,0.0,322206.4055033284,225114.84837274667,201061.90403931646,180033.13194820227,145259.92846191794,106590.31347741984,65129.306218301586,40594.38492820137,25655.973268816615,16385.038284437254,10551.234038943108,4461.420865483318,1925.3760670873603,844.573038612944,375.5897538213826,169.03805990262097,76.89618959190001,18.23,22.15
80,81324.0,1.0,57.92,57.92,0.0,0.0,322206.4055033284,225114.84837274667,201061.90403931646,180033.13194820227,145259.92846191794,106590.31347741984,65129.306218301586,40594.38492820137,25655.973268816615,16385.038284437254,10551.234038943108,4461.420865483318,1925.3760670873603,844.573038612944,375.5897538213826,169.03805990262097,76.89618959190001,18.23,22.15
81,81250.0,1.0,57.92,57.92,0.0,0.0,322206.4055033284,225114.84837274667,201061.90403931646,180033.13194820227,145259.92846191794,106590.31347741984,65129.306218301586,40594.38492820137,25655.973268816615,16385.038284437254,10551.234038943108,4461.420865483318,1925.3760670873603,844.573038612944,375.5897538213826,169.03805990262097,76.89618959190001,18.23,22.15
82,81186.0,1.0,57.92,57.92,0.0,0.0,322206.4055033284,225114.84837274667,201061.90403931646,180033.13194820227,145259.92846191794,106590.31347741984,65129.306218301586,40594.38492820137,25655.973268816615,16385.038284437254,10551.234038943108,4461.420865483318,1925.3760670873603,844.573038612944,375.5897538213826,169.03805990262097,76.89618959190001,18.23,22.15
83,81245.0,1.0,57.92,57.92,0.0,0.0,197305.01226873868,136765.56724584,121877.61977317992,108901.38187780452,87531.61410362505,63909.85091208522,38780.91274023176,24033.169177248652,15114.274252327195,9610.724460326306,6164.790845221728,2589.05681892017,1110.8851300875601,484.83187707188307,214.63954134800892,96.20875253642157,43.603943656542896,5.88,8.45
84,81215.0,1.0,57.92,57.92,0.0,0.0,197305.01226873868,136765.56724584,121877.61977317992,108901.38187780452,87531.61410362505,63909.85091208522,38780.91274023176,24033.169177248652,15114.274252327195,9610.724460326306,6164.790845221728,2589.05681892017,1110.8851300875601,484.83187707188307,214.63954134800892,96.20875253642157,43.603943656542896,5.88,8.45
85,81325.0,1.0,57.92,57.92,0.0,0.0,197305.01226873868,136765.56724584,121877.61977317992,108901.38187780452,87531.61410362505,63909.85091208522,38780.91274023176,24033.169177248652,15114.274252327195,9610.724460326306,6164.790845221728,2589.05681892017,1110.8851300875601,484.83187707188307,214.63954134800892,96.20875253642157,43.603943656542896,5.88,8.45
86,81251.0,1.0,57.92,57.92,0.0,0.0,197305.01226873868,136765.56724584,121877.61977317992,108901.38187780452,87531.61410362505,63909.85091208522,38780.91274023176,24033.169177248652,15114.274252327195,9610.724460326306,6164.790845221728,2589.05681892017,1110.8851300875601,484.83187707188307,214.63954134800892,96.20875253642157,43.603943656542896,5.88,8.45
87,81187.0,1.0,57.92,57.92,0.0,0.0,197305.01226873868,136765.56724584,121877.61977317992,108901.38187780452,87531.61410362505,63909.85091208522,38780.91274023176,24033.169177248652,15114.274252327195,9610.724460326306,6164.790845221728,2589.05681892017,1110.8851300875601,484.83187707188307,214.63954134800892,96.20875253642157,43.603943656542896,5.88,8.45
88,81305.0,1.0,57.92,57.92,0.0,0.0,197305.01226873868,136765.56724584,121877.61977317992,108901.38187780452,87531.61410362505,63909.85091208522,38780.91274023176,24033.169177248652,15114.274252327195,9610.724460326306,6164.790845221728,2589.05681892017,1110.8851300875601,484.83187707188307,214.63954134800892,96.20875253642157,43.603943656542896,5.88,8.45
89,81244.0,1.0,58.92,58.92,0.0,0.0,306524.05319544807,207862.3738586412,183818.46417995042,162968.22881364982,128910.81097560072,91828.47178274477,53411.33539889978,31696.247812752485,19076.649910593726,11604.299305960309,7118.983509566538,2733.556095836242,1072.1214382177889,427.7278358616924,173.12869398568074,70.97132747786775,29.42791851283733,18.23,22.15
90,81214.0,1.0,58.92,58.92,0.0,0.0,306524.05319544807,207862.3738586412,183818.46417995042,162968.22881364982,128910.81097560072,91828.47178274477,53411.33539889978,31696.247812752485,19076.649910593726,11604.299305960309,7118.983509566538,2733.556095836242,1072.1214382177889,427.7278358616924,173.12869398568074,70.97132747786775,29.42791851283733,18.23,22.15
91,81324.0,1.0,58.92,58.92,0.0,0.0,306524.05319544807,207862.3738586412,183818.46417995042,162968.22881364982,128910.81097560072,91828.47178274477,53411.33539889978,31696.247812752485,19076.649910593726,11604.299305960309,7118.983509566538,2733.556095836242,1072.1214382177889,427.7278358616924,173.12869398568074,70.97132747786775,29.42791851283733,18.23,22.15
92,81250.0,1.0,58.92,58.92,0.0,0.0,306524.05319544807,207862.3738586412,183818.46417995042,162968.22881364982,128910.81097560072,91828.47178274477,53411.33539889978,31696.247812752485,19076.649910593726,11604.299305960309,7118.983509566538,2733.556095836242,1072.1214382177889,427.7278358616924,173.12869398568074,70.97132747786775,29.42791851283733,18.23,22.15
93,81186.0,1.0,58.92,58.92,0.0,0.0,306524.05319544807,207862.3738586412,183818.46417995042,162968.22881364982,128910.81097560072,91828.47178274477,53411.33539889978,31696.247812752485,19076.649910593726,11604.299305960309,7118.983509566538,2733.556095836242,1072.1214382177889,427.7278358616924,173.12869398568074,70.97132747786775,29.42791851283733,18.23,22.15
94,81245.0,1.0,58.92,58.92,0.0,0.0,187701.83039010572,126284.05311928592,111425.17023131867,98578.88449716504,77679.86312247044,55058.88621261143,31803.506865269337,18765.188518441468,11238.30756850667,6806.558596245033,4159.422888837398,1586.3403752335555,618.582407729799,245.53955674135153,98.93843773208579,40.39364203797067,16.687085635492398,5.88,8.45
95,81215.0,1.0,58.92,58.92,0.0,0.0,187701.83039010572,126284.05311928592,111425.17023131867,98578.88449716504,77679.86312247044,55058.88621261143,31803.506865269337,18765.188518441468,11238.30756850667,6806.558596245033,4159.422888837398,1586.3403752335555,618.582407729799,245.53955674135153,98.93843773208579,40.39364203797067,16.687085635492398,5.88,8.45
96,81325.0,1.0,58.92,58.92,0.0,0.0,187701.83039010572,126284.05311928592,111425.17023131867,98578.88449716504,77679.86312247044,55058.88621261143,31803.506865269337,18765.188518441468,11238.30756850667,6806.558596245033,4159.422888837398,1586.3403752335555,618.582407729799,245.53955674135153,98.93843773208579,40.39364203797067,16.687085635492398,5.88,8.45
97,81251.0,1.0,58.92,58.92,0.0,0.0,187701.83039010572,126284.05311928592,111425.17023131867,98578.88449716504,77679.86312247044,55058.88621261143,31803.506865269337,18765.188518441468,11238.30756850667,6806.558596245033,4159.422888837398,1586.3403752335555,618.582407729799,245.53955674135153,98.93843773208579,40.39364203797067,16.687085635492398,5.88,8.45
98,81187.0,1.0,58.92,58.92,0.0,0.0,187701.83039010572,126284.05311928592,111425.17023131867,98578.88449716504,77679.86312247044,55058.88621261143,31803.506865269337,18765.188518441468,11238.30756850667,6806.558596245033,4159.422888837398,1586.3403752335555,618.582407729799,245.53955674135153,98.93843773208579,40.39364203797067,16.687085635492398,5.88,8.45
99,81305.0,1.0,58.92,58.92,0.0,0.0,187701.83039010572,126284.05311928592,111425.17023131867,98578.88449716504,77679.86312247044,55058.88621261143,31803.506865269337,18765.188518441468,11238.30756850667,6806.558596245033,4159.422888837398,1586.3403752335555,618.582407729799,245.53955674135153,98.93843773208579,40.39364203797067,16.687085635492398,5.88,8.45
100,81244.0,1.0,59.92,59.92,0.0,0.0,291604.98854947585,191932.10389484162,168053.8535379056,147520.86638307988,114401.79932859952,79111.01820467666,43801.644985005594,24748.549021849412,14184.555307971026,8218.458818629233,4803.222639401975,1674.8764921271286,596.9973336300051,216.61963288739415,79.80394666315063,29.797604911417036,11.26196749922464,18.23,22.15
101,81214.0,1.0,59.92,59.92,0.0,0.0,291604.98854947585,191932.10389484162,168053.8535379056,147520.86638307988,114401.79932859952,79111.01820467666,43801.644985005594,24748.549021849412,14184.555307971026,8218.458818629233,4803.222639401975,1674.8764921271286,596.9973336300051,216.61963288739415,79.80394666315063,29.797604911417036,11.26196749922464,18.23,22.15
102,81324.0,1.0,59.92,59.92,0.0,0.0,291604.98854947585,191932.10389484162,168053.8535379056,147520.86638307988,114401.79932859952,79111.01820467666,43801.644985005594,24748.549021849412,14184.555307971026,8218.458818629233,4803.222639401975,1674.8764921271286,596.9973336300051,216.61963288739415,79.80394666315063,29.797604911417036,11.26196749922464,18.23,22.15
103,81250.0,1.0,59.92,59.92,0.0,0.0,291604.98854947585,191932.10389484162,168053.8535379056,147520.86638307988,114401.79932859952,79111.01820467666,43801.644985005594,24748.549021849412,14184.555307971026,8218.458818629233,4803.222639401975,1674.8764921271286,596.9973336300051,216.61963288739415,79.80394666315063,29.797604911417036,11.26196749922464,18.23,22.15
104,81186.0,1.0,59.92,59.92,0.0,0.0,291604.98854947585,191932.10389484162,168053.8535379056,147520.86638307988,114401.79932859952,79111.01820467666,43801.644985005594,24748.549021849412,14184.555307971026,8218.458818629233,4803.222639401975,1674.8764921271286,596.9973336300051,216.61963288739415,79.80394666315063,29.797604911417036,11.26196749922464,18.23,22.15
105,81245.0,1.0,59.92,59.92,0.0,0.0,178566.05225927263,116605.82698836943,101869.14204744324,89234.83156172898,68936.93434673958,47433.70400196078,26081.46578973967,14651.929486935864,8356.309730512368,4820.577274415396,2806.388603044681,971.9662263517631,344.4498308503195,124.35171195602015,45.60583012518922,16.959437411622424,6.386092716741531,5.88,8.45
106,81215.0,1.0,59.92,59.92,0.0,0.0,178566.05225927263,116605.82698836943,101869.14204744324,89234.83156172898,68936.93434673958,47433.70400196078,26081.46578973967,14651.929486935864,8356.309730512368,4820.577274415396,2806.388603044681,971.9662263517631,344.4498308503195,124.35171195602015,45.60583012518922,16.959437411622424,6.386092716741531,5.88,8.45
107,81325.0,1.0,59.92,59.92,0.0,0.0,178566.05225927263,116605.82698836943,101869.14204744324,89234.83156172898,68936.93434673958,47433.70400196078,26081.46578973967,14651.929486935864,8356.309730512368,4820.577274415396,2806.388603044681,971.9662263517631,344.4498308503195,124.35171195602015,45.60583012518922,16.959437411622424,6.386092716741531,5.88,8.45
108,81251.0,1.0,59.92,59.92,0.0,0.0,178566.05225927263,116605.82698836943,101869.14204744324,89234.83156172898,68936.93434673958,47433.70400196078,26081.46578973967,14651.929486935864,8356.309730512368,4820.577274415396,2806.388603044681,971.9662263517631,344.4498308503195,124.35171195602015,45.60583012518922,16.959437411622424,6.386092716741531,5.88,8.45
109,81187.0,1.0,59.92,59.92,0.0,0.0,178566.05225927263,116605.82698836943,101869.14204744324,89234.83156172898,68936.93434673958,47433.70400196078,26081.46578973967,14651.929486935864,8356.309730512368,4820.577274415396,2806.388603044681,971.9662263517631,344.4498308503195,124.35171195602015,45.60583012518922,16.959437411622424,6.386092716741531,5.88,8.45
110,81305.0,1.0,59.92,59.92,0.0,0.0,178566.05225927263,116605.82698836943,101869.14204744324,89234.83156172898,68936.93434673958,47433.70400196078,26081.46578973967,14651.929486935864,8356.309730512368,4820.577274415396,2806.388603044681,971.9662263517631,344.4498308503195,124.35171195602015,45.60583012518922,16.959437411622424,6.386092716741531,5.88,8.45
111,81244.0,1.0,60.92,60.92,0.0,0.0,277412.061012779,177222.70664796827,153641.24499099297,133537.72190344706,101525.7881831052,68154.82257167116,35920.916207460854,19323.759780817265,10547.009575992528,5820.520789119296,3240.764315953364,1026.2131690485444,332.430453917419,109.70542812051751,36.78575605463605,12.510647468638563,4.309917872657703,18.23,22.15
112,81214.0,1.0,60.92,60.92,0.0,0.0,277412.061012779,177222.70664796827,153641.24499099297,133537.72190344706,101525.7881831052,68154.82257167116,35920.916207460854,19323.759780817265,10547.009575992528,5820.520789119296,3240.764315953364,1026.2131690485444,332.430453917419,109.70542812051751,36.78575605463605,12.510647468638563,4.309917872657703,18.23,22.15
113,81324.0,1.0,60.92,60.92,0.0,0.0,277412.061012779,177222.70664796827,153641.24499099297,133537.72190344706,101525.7881831052,68154.82257167116,35920.916207460854,19323.759780817265,10547.009575992528,5820.520789119296,3240.764315953364,1026.2131690485444,332.430453917419,109.70542812051751,36.78575605463605,12.510647468638563,4.309917872657703,18.23,22.15
114,81250.0,1.0,60.92,60.92,0.0,0.0,277412.061012779,177222.70664796827,153641.24499099297,133537.72190344706,101525.7881831052,68154.82257167116,35920.916207460854,19323.759780817265,10547.009575992528,5820.520789119296,3240.764315953364,1026.2131690485444,332.430453917419,109.70542812051751,36.78575605463605,12.510647468638563,4.309917872657703,18.23,22.15
115,81186.0,1.0,60.92,60.92,0.0,0.0,277412.061012779,177222.70664796827,153641.24499099297,133537.72190344706,101525.7881831052,68154.82257167116,35920.916207460854,19323.759780817265,10547.009575992528,5820.520789119296,3240.764315953364,1026.2131690485444,332.430453917419,109.70542812051751,36.78575605463605,12.510647468638563,4.309917872657703,18.23,22.15
116,81245.0,1.0,60.92,60.92,0.0,0.0,169874.92851397398,107669.32602961446,93132.65647195194,80776.47869995057,61178.028978168804,40864.54394768105,21388.926089915334,11440.28142745089,6213.3832773838485,3414.0549780075085,1893.4879193061447,595.533190680718,191.80255450238892,62.977014667668875,21.022079882034628,7.120489829769957,2.4439366512315406,5.88,8.45
117,81215.0,1.0,60.92,60.92,0.0,0.0,169874.92851397398,107669.32602961446,93132.65647195194,80776.47869995057,61178.028978168804,40864.54394768105,21388.926089915334,11440.28142745089,6213.3832773838485,3414.0549780075085,1893.4879193061447,595.533190680718,191.80255450238892,62.977014667668875,21.022079882034628,7.120489829769957,2.4439366512315406,5.88,8.45
118,81325.0,1.0,60.92,60.92,0.0,0.0,169874.92851397398,107669.32602961446,93132.65647195194,80776.47869995057,61178.028978168804,40864.54394768105,21388.926089915334,11440.28142745089,6213.3832773838485,3414.0549780075085,1893.4879193061447,595.533190680718,191.80255450238892,62.977014667668875,21.022079882034628,7.120489829769957,2.4439366512315406,5.88,8.45
119,81251.0,1.0,60.92,60.92,0.0,0.0,169874.92851397398,107669.32602961446,93132.65647195194,80776.47869995057,61178.028978168804,40864.54394768105,21388.926089915334,11440.28142745089,6213.3832773838485,3414.0549780075085,1893.4879193061447,595.533190680718,191.80255450238892,62.977014667668875,21.022079882034628,7.120489829769957,2.4439366512315406,5.88,8.45
120,81187.0,1.0,60.92,60.92,0.0,0.0,169874.92851397398,107669.32602961446,93132.65647195194,80776.47869995057,61178.028978168804,40864.54394768105,21388.926089915334,11440.28142745089,6213.3832773838485,3414.0549780075085,1893.4879193061447,595.533190680718,191.80255450238892,62.977014667668875,21.022079882034628,7.120489829769957,2.4439366512315406,5.88,8.45
121,81305.0,1.0,60.92,60.92,0.0,0.0,169874.92851397398,107669.32602961446,93132.65647195194,80776.47869995057,61178.028978168804,40864.54394768105,21388.926089915334,11440.28142745089,6213.3832773838485,3414.0549780075085,1893.4879193061447,595.533190680718,191.80255450238892,62.977014667668875,21.022079882034628,7.120489829769957,2.4439366512315406,5.88,8.45
122,81244.0,1.0,61.92,61.92,0.0,0.0,263909.9282154449,163640.61620894854,140464.6883450246,120880.0057129252,90098.9820675308,58715.96580590314,29458.076782849814,15088.064020927666,7842.291039858469,4122.240313448519,2186.5639259362533,628.7708217763445,185.10971568296972,55.559511382619505,16.956452720602453,5.252647001322678,1.649391375914837,18.23,22.15
123,81214.0,1.0,61.92,61.92,0.0,0.0,263909.9282154449,163640.61620894854,140464.6883450246,120880.0057129252,90098.9820675308,58715.96580590314,29458.076782849814,15088.064020927666,7842.291039858469,4122.240313448519,2186.5639259362533,628.7708217763445,185.10971568296972,55.559511382619505,16.956452720602453,5.252647001322678,1.649391375914837,18.23,22.15
124,81324.0,1.0,61.92,61.92,0.0,0.0,263909.9282154449,163640.61620894854,140464.6883450246,120880.0057129252,90098.9820675308,58715.96580590314,29458.076782849814,15088.064020927666,7842.291039858469,4122.240313448519,2186.5639259362533,628.7708217763445,185.10971568296972,55.559511382619505,16.956452720602453,5.252647001322678,1.649391375914837,18.23,22.15
125,81250.0,1.0,61.92,61.92,0.0,0.0,263909.9282154449,163640.61620894854,140464.6883450246,120880.0057129252,90098.9820675308,58715.96580590314,29458.076782849814,15088.064020927666,7842.291039858469,4122.240313448519,2186.5639259362533,628.7708217763445,185.10971568296972,55.559511382619505,16.956452720602453,5.252647001322678,1.649391375914837,18.23,22.15
126,81186.0,1.0,61.92,61.92,0.0,0.0,263909.9282154449,163640.61620894854,140464.6883450246,120880.0057129252,90098.9820675308,58715.96580590314,29458.076782849814,15088.064020927666,7842.291039858469,4122.240313448519,2186.5639259362533,628.7708217763445,185.10971568296972,55.559511382619505,16.956452720602453,5.252647001322678,1.649391375914837,18.23,22.15
127,81245.0,1.0,61.92,61.92,0.0,0.0,161606.8170434073,99417.70550478318,85145.42801865395,73119.87255391359,54292.39441992502,35205.15606335374,17540.661363435862,8932.614592226551,4619.997701940869,2417.9202467553805,1277.5481259682233,364.88899674380446,106.80283924897086,31.89424829032096,9.690161134081787,2.989567058463352,0.9352865077537489,5.88,8.45
128,81215.0,1.0,61.92,61.92,0.0,0.0,161606.8170434073,99417.70550478318,85145.42801865395,73119.87255391359,54292.39441992502,35205.15606335374,17540.661363435862,8932.614592226551,4619.997701940869,2417.9202467553805,1277.5481259682233,364.88899674380446,106.80283924897086,31.89424829032096,9.690161134081787,2.989567058463352,0.9352865077537489,5.88,8.45
129,81325.0,1.0,61.92,61.92,0.0,0.0,161606.8170434073,99417.70550478318,85145.42801865395,73119.87255391359,54292.39441992502,35205.15606335374,17540.661363435862,8932.614592226551,4619.997701940869,2417.9202467553805,1277.5481259682233,364.88899674380446,106.80283924897086,31.89424829032096,9.690161134081787,2.989567058463352,0.9352865077537489,5.88,8.45
130,81251.0,1.0,61.92,61.92,0.0,0.0,161606.8170434073,99417.70550478318,85145.42801865395,73119.87255391359,54292.39441992502,35205.15606335374,17540.661363435862,8932.614592226551,4619.997701940869,2417.9202467553805,1277.5481259682233,364.88899674380446,106.80283924897086,31.89424829032096,9.690161134081787,2.989567058463352,0.9352865077537489,5.88,8.45
131,81187.0,1.0,61.92,61.92,0.0,0.0,161606.8170434073,99417.70550478318,85145.42801865395,73119.87255391359,54292.39441992502,35205.15606335374,17540.661363435862,8932.614592226551,4619.997701940869,2417.9202467553805,1277.5481259682233,364.88899674380446,106.80283924897086,31.89424829032096,9.690161134081787,2.989567058463352,0.9352865077537489,5.88,8.45
132,81305.0,1.0,61.92,61.92,0.0,0.0,161606.8170434073,99417.70550478318,85145.42801865395,73119.87255391359,54292.39441992502,35205.15606335374,17540.661363435862,8932.614592226551,4619.997701940869,2417.9202467553805,1277.5481259682233,364.88899674380446,106.80283924897086,31.89424829032096,9.690161134081787,2.989567058463352,0.9352865077537489,5.88,8.45
133,81244.0,1.0,62.92,62.92,0.0,0.0,251064.967962849,151099.43742387468,128418.1775083999,109422.08368450264,79958.27183300917,50584.30952401867,24158.02210423675,11780.816905289845,5831.181654924858,2919.4750465604534,1475.2883382077337,385.2540176266222,103.07601616048687,28.13770802374829,7.816103832118746,2.205345533847621,0.6312166475842039,18.23,22.15
134,81214.0,1.0,62.92,62.92,0.0,0.0,251064.967962849,151099.43742387468,128418.1775083999,109422.08368450264,79958.27183300917,50584.30952401867,24158.02210423675,11780.816905289845,5831.181654924858,2919.4750465604534,1475.2883382077337,385.2540176266222,103.07601616048687,28.13770802374829,7.816103832118746,2.205345533847621,0.6312166475842039,18.23,22.15
135,81324.0,1.0,62.92,62.92,0.0,0.0,251064.967962849,151099.43742387468,128418.1775083999,109422.08368450264,79958.27183300917,50584.30952401867,24158.02210423675,11780.816905289845,5831.181654924858,2919.4750465604534,1475.2883382077337,385.2540176266222,103.07601616048687,28.13770802374829,7.816103832118746,2.205345533847621,0.6312166475842039,18.23,22.15
136,81250.0,1.0,62.92,62.92,0.0,0.0,251064.967962849,151099.43742387468,128418.1775083999,109422.08368450264,79958.27183300917,50584.30952401867,24158.02210423675,11780.816905289845,5831.181654924858,2919.4750465604534,1475.2883382077337,385.2540176266222,103.07601616048687,28.13770802374829,7.816103832118746,2.205345533847621,0.6312166475842039,18.23,22.15
137,81186.0,1.0,62.92,62.92,0.0,0.0,251064.967962849,151099.43742387468,128418.1775083999,109422.08368450264,79958.27183300917,50584.30952401867,24158.02210423675,11780.816905289845,5831.181654924858,2919.4750465604534,1475.2883382077337,385.2540176266222,103.07601616048687,28.13770802374829,7.816103832118746,2.205345533847621,0.6312166475842039,18.23,22.15
138,81245.0,1.0,62.92,62.92,0.0,0.0,153741.12909635712,91798.47717368674,77843.19901433427,66189.01750050955,48181.7433657526,30329.54472786732,14384.77087504628,6974.618933918811,3435.2264801739348,1712.4323882685705,861.9697002149354,223.57104864719852,59.47181726142981,16.152608683861185,4.466695176280587,1.2551820746492048,0.3579310663168771,5.88,8.45
139,81215.0,1.0,62.92,62.92,0.0,0.0,153741.12909635712,91798.47717368674,77843.19901433427,66189.01750050955,48181.7433657526,30329.54472786732,14384.77087504628,6974.618933918811,3435.2264801739348,1712.4323882685705,861.9697002149354,223.57104864719852,59.47181726142981,16.152608683861185,4.466695176280587,1.2551820746492048,0.3579310663168771,5.88,8.45
140,81325.0,1.0,62.92,62.92,0.0,0.0,153741.12909635712,91798.47717368674,77843.19901433427,66189.01750050955,48181.7433657526,30329.54472786732,14384.77087504628,6974.618933918811,3435.2264801739348,1712.4323882685705,861.9697002149354,223.57104864719852,59.47181726142981,16.152608683861185,4.466695176280587,1.2551820746492048,0.3579310663168771,5.88,8.45
141,81251.0,1.0,62.92,62.92,0.0,0.0,153741.12909635712,91798.47717368674,77843.19901433427,66189.01750050955,48181.7433657526,30329.54472786732,14384.77087504628,6974.618933918811,3435.2264801739348,1712.4323882685705,861.9697002149354,223.57104864719852,59.47181726142981,16.152608683861185,4.466695176280587,1.2551820746492048,0.3579310663168771,5.88,8.45
142,81187.0,1.0,62.92,62.92,0.0,0.0,153741.12909635712,91798.47717368674,77843.19901433427,66189.01750050955,48181.7433657526,30329.54472786732,14384.77087504628,6974.618933918811,3435.2264801739348,1712.4323882685705,861.9697002149354,223.57104864719852,59.47181726142981,16.152608683861185,4.466695176280587,1.2551820746492048,0.3579310663168771,5.88,8.45
143,81305.0,1.0,62.92,62.92,0.0,0.0,153741.12909635712,91798.47717368674,77843.19901433427,66189.01750050955,48181.7433657526,30329.54472786732,14384.77087504628,6974.618933918811,3435.2264801739348,1712.4323882685705,861.9697002149354,223.57104864719852,59.47181726142981,16.152608683861185,4.466695176280587,1.2551820746492048,0.3579310663168771,5.88,8.45
144,81244.0,1.0,63.92,63.92,0.0,0.0,238845.19451169885,139519.3963377592,117404.7976675203,99050.23024480265,70958.90639174455,43578.81770147896,19811.545617552438,9198.505968920846,4335.809436287621,2067.6462067682914,995.3862565073659,236.0488956503254,57.39658271483389,14.250136351583958,3.6028454843172426,0.9259234291657049,0.24156453223022872,18.23,22.15
145,81214.0,1.0,63.92,63.92,0.0,0.0,238845.19451169885,139519.3963377592,117404.7976675203,99050.23024480265,70958.90639174455,43578.81770147896,19811.545617552438,9198.505968920846,4335.809436287621,2067.6462067682914,995.3862565073659,236.0488956503254,57.39658271483389,14.250136351583958,3.6028454843172426,0.9259234291657049,0.24156453223022872,18.23,22.15
146,81324.0,1.0,63.92,63.92,0.0,0.0,238845.19451169885,139519.3963377592,117404.7976675203,99050.23024480265,70958.90639174455,43578.81770147896,19811.545617552438,9198.505968920846,4335.809436287621,2067.6462067682914,995.3862565073659,236.0488956503254,57.39658271483389,14.250136351583958,3.6028454843172426,0.9259234291657049,0.24156453223022872,18.23,22.15
147,81250.0,1.0,63.92,63.92,0.0,0.0,238845.19451169885,139519.3963377592,117404.7976675203,99050.23024480265,70958.90639174455,43578.81770147896,19811.545617552438,9198.505968920846,4335.809436287621,2067.6462067682914,995.3862565073659,236.0488956503254,57.39658271483389,14.250136351583958,3.6028454843172426,0.9259234291657049,0.24156453223022872,18.23,22.15
148,81186.0,1.0,63.92,63.92,0.0,0.0,238845.19451169885,139519.3963377592,117404.7976675203,99050.23024480265,70958.90639174455,43578.81770147896,19811.545617552438,9198.505968920846,4335.809436287621,2067.6462067682914,995.3862565073659,236.0488956503254,57.39658271483389,14.250136351583958,3.6028454843172426,0.9259234291657049,0.24156453223022872,18.23,22.15
149,81245.0,1.0,63.92,63.92,0.0,0.0,146258.27801233207,84763.17541851182,71167.22264239132,59915.12135709099,42758.8508218616,26129.16363001842,11796.683650647023,5445.808589537883,2554.2828657968107,1212.7880099958782,581.5763406372889,136.9841629625865,33.11613317818218,8.180370483073146,2.058930240864235,0.526993377205088,0.13697904029688832,5.88,8.45
150,81215.0,1.0,63.92,63.92,0.0,0.0,146258.27801233207,84763.17541851182,71167.22264239132,59915.12135709099,42758.8508218616,26129.16363001842,11796.683650647023,5445.808589537883,2554.2828657968107,1212.7880099958782,581.5763406372889,136.9841629625865,33.11613317818218,8.180370483073146,2.058930240864235,0.526993377205088,0.13697904029688832,5.88,8.45
151,81325.0,1.0,63.92,63.92,0.0,0.0,146258.27801233207,84763.17541851182,71167.22264239132,59915.12135709099,42758.8508218616,26129.16363001842,11796.683650647023,5445.808589537883,2554.2828657968107,1212.7880099958782,581.5763406372889,136.9841629625865,33.11613317818218,8.180370483073146,2.058930240864235,0.526993377205088,0.13697904029688832,5.88,8.45
152,81251.0,1.0,63.92,63.92,0.0,0.0,146258.27801233207,84763.17541851182,71167.22264239132,59915.12135709099,42758.8508218616,26129.16363001842,11796.683650647023,5445.808589537883,2554.2828657968107,1212.7880099958782,581.5763406372889,136.9841629625865,33.11613317818218,8.180370483073146,2.058930240864235,0.526993377205088,0.13697904029688832,5.88,8.45
153,81187.0,1.0,63.92,63.92,0.0,0.0,146258.27801233207,84763.17541851182,71167.22264239132,59915.12135709099,42758.8508218616,26129.16363001842,11796.683650647023,5445.808589537883,2554.2828657968107,1212.7880099958782,581.5763406372889,136.9841629625865,33.11613317818218,8.180370483073146,2.058930240864235,0.526993377205088,0.13697904029688832,5.88,8.45
154,81305.0,1.0,63.92,63.92,0.0,0.0,146258.27801233207,84763.17541851182,71167.22264239132,59915.12135709099,42758.8508218616,26129.16363001842,11796.683650647023,5445.808589537883,2554.2828657968107,1212.7880099958782,581.5763406372889,136.9841629625865,33.11613317818218,8.180370483073146,2.058930240864235,0.526993377205088,0.13697904029688832,5.88,8.45
155,81244.0,1.0,64.92,64.92,0.0,0.0,227220.17892107,128826.83275548075,107335.94560201386,89661.49959121947,62972.426503016264,37543.526246157235,16247.08091013487,7182.2279168331315,3223.916622786643,1464.3594372899456,671.59332449372,144.6294615718703,31.960564931142827,7.216877290337437,1.660737352352504,0.38875277525431784,0.09244595093450052,18.23,22.15
156,81214.0,1.0,64.92,64.92,0.0,0.0,227220.17892107,128826.83275548075,107335.94560201386,89661.49959121947,62972.426503016264,37543.526246157235,16247.08091013487,7182.2279168331315,3223.916622786643,1464.3594372899456,671.59332449372,144.6294615718703,31.960564931142827,7.216877290337437,1.660737352352504,0.38875277525431784,0.09244595093450052,18.23,22.15
157,81324.0,1.0,64.92,64.92,0.0,0.0,227220.17892107,128826.83275548075,107335.94560201386,89661.49959121947,62972.426503016264,37543.526246157235,16247.08091013487,7182.2279168331315,3223.916622786643,1464.3594372899456,671.59332449372,144.6294615718703,31.960564931142827,7.216877290337437,1.660737352352504,0.38875277525431784,0.09244595093450052,18.23,22.15
158,81250.0,1.0,64.92,64.92,0.0,0.0,227220.17892107,128826.83275548075,107335.94560201386,89661.49959121947,62972.426503016264,37543.526246157235,16247.08091013487,7182.2279168331315,3223.916622786643,1464.3594372899456,671.59332449372,144.6294615718703,31.960564931142827,7.216877290337437,1.660737352352504,0.38875277525431784,0.09244595093450052,18.23,22.15
159,81186.0,1.0,64.92,64.92,0.0,0.0,227220.17892107,128826.83275548075,107335.94560201386,89661.49959121947,62972.426503016264,37543.526246157235,16247.08091013487,7182.2279168331315,3223.916622786643,1464.3594372899456,671.59332449372,144.6294615718703,31.960564931142827,7.216877290337437,1.660737352352504,0.38875277525431784,0.09244595093450052,18.23,22.15
160,81245.0,1.0,64.92,64.92,0.0,0.0,139139.630448047,78267.04895589344,65063.79032160608,54235.912584853,37946.30903508935,22510.49918916091,9674.241346092698,4252.107745938369,1899.252056933615,858.9272004350103,392.39318958046994,83.93153324682763,18.440302098963173,4.14288877729055,0.9490671669865841,0.22126034559220517,0.05242142760540769,5.88,8.45
161,81215.0,1.0,64.92,64.92,0.0,0.0,139139.630448047,78267.04895589344,65063.79032160608,54235.912584853,37946.30903508935,22510.49918916091,9674.241346092698,4252.107745938369,1899.252056933615,858.9272004350103,392.39318958046994,83.93153324682763,18.440302098963173,4.14288877729055,0.9490671669865841,0.22126034559220517,0.05242142760540769,5.88,8.45
162,81325.0,1.0,64.92,64.92,0.0,0.0,139139.630448047,78267.04895589344,65063.79032160608,54235.912584853,37946.30903508935,22510.49918916091,9674.241346092698,4252.107745938369,1899.252056933615,858.9272004350103,392.39318958046994,83.93153324682763,18.440302098963173,4.14288877729055,0.9490671669865841,0.22126034559220517,0.05242142760540769,5.88,8.45
163,81251.0,1.0,64.92,64.92,0.0,0.0,139139.630448047,78267.04895589344,65063.79032160608,54235.912584853,37946.30903508935,22510.49918916091,9674.241346092698,4252.107745938369,1899.252056933615,858.9272004350103,392.39318958046994,83.93153324682763,18.440302098963173,4.14288877729055,0.9490671669865841,0.22126034559220517,0.05242142760540769,5.88,8.45
164,81187.0,1.0,64.92,64.92,0.0,0.0,139139.630448047,78267.04895589344,65063.79032160608,54235.912584853,37946.30903508935,22510.49918916091,9674.241346092698,4252.107745938369,1899.252056933615,858.9272004350103,392.39318958046994,83.93153324682763,18.440302098963173,4.14288877729055,0.9490671669865841,0.22126034559220517,0.05242142760540769,5.88,8.45
165,81305.0,1.0,64.92,64.92,0.0,0.0,139139.630448047,78267.04895589344,65063.79032160608,54235.912584853,37946.30903508935,22510.49918916091,9674.241346092698,4252.107745938369,1899.252056933615,858.9272004350103,392.39318958046994,83.93153324682763,18.440302098963173,4.14288877729055,0.9490671669865841,0.22126034559220517,0.05242142760540769,5.88,8.45
166,81244.0,1.0,65.92,65.92,0.0,0.0,216160.9732800976,118953.73169212177,98130.61686716515,81162.70390363965,55884.83111316861,32344.070751328836,13323.929550786863,5607.910461071212,2397.1621777684045,1037.096460004016,453.12821083861286,88.6158823024355,17.796838459753815,3.6549346994843996,0.7655195221400035,0.163219458010807,0.03537876096826529,18.23,22.15
167,81214.0,1.0,65.92,65.92,0.0,0.0,216160.9732800976,118953.73169212177,98130.61686716515,81162.70390363965,55884.83111316861,32344.070751328836,13323.929550786863,5607.910461071212,2397.1621777684045,1037.096460004016,453.12821083861286,88.6158823024355,17.796838459753815,3.6549346994843996,0.7655195221400035,0.163219458010807,0.03537876096826529,18.23,22.15
168,81324.0,1.0,65.92,65.92,0.0,0.0,216160.9732800976,118953.73169212177,98130.61686716515,81162.70390363965,55884.83111316861,32344.070751328836,13323.929550786863,5607.910461071212,2397.1621777684045,1037.096460004016,453.12821083861286,88.6158823024355,17.796838459753815,3.6549346994843996,0.7655195221400035,0.163219458010807,0.03537876096826529,18.23,22.15
169,81250.0,1.0,65.92,65.92,0.0,0.0,216160.9732800976,118953.73169212177,98130.61686716515,81162.70390363965,55884.83111316861,32344.070751328836,13323.929550786863,5607.910461071212,2397.1621777684045,1037.096460004016,453.12821083861286,88.6158823024355,17.796838459753815,3.6549346994843996,0.7655195221400035,0.163219458010807,0.03537876096826529,18.23,22.15
170,81186.0,1.0,65.92,65.92,0.0,0.0,216160.9732800976,118953.73169212177,98130.61686716515,81162.70390363965,55884.83111316861,32344.070751328836,13323.929550786863,5607.910461071212,2397.1621777684045,1037.096460004016,453.12821083861286,88.6158823024355,17.796838459753815,3.6549346994843996,0.7655195221400035,0.163219458010807,0.03537876096826529,18.23,22.15
171,81245.0,1.0,65.92,65.92,0.0,0.0,132367.4599777985,72268.77617572587,59483.79961777972,49095.022212847165,33675.42255486215,19392.98865131172,7933.665799143151,3320.0616558216793,1412.200044117397,608.3140083563587,264.7501359157979,51.425669367979005,10.26825021120088,2.098135708708404,0.4374740190682032,0.0928970697719603,0.02006150770390106,5.88,8.45
172,81215.0,1.0,65.92,65.92,0.0,0.0,132367.4599777985,72268.77617572587,59483.79961777972,49095.022212847165,33675.42255486215,19392.98865131172,7933.665799143151,3320.0616558216793,1412.200044117397,608.3140083563587,264.7501359157979,51.425669367979005,10.26825021120088,2.098135708708404,0.4374740190682032,0.0928970697719603,0.02006150770390106,5.88,8.45
173,81325.0,1.0,65.92,65.92,0.0,0.0,132367.4599777985,72268.77617572587,59483.79961777972,49095.022212847165,33675.42255486215,19392.98865131172,7933.665799143151,3320.0616558216793,1412.200044117397,608.3140083563587,264.7501359157979,51.425669367979005,10.26825021120088,2.098135708708404,0.4374740190682032,0.0928970697719603,0.02006150770390106,5.88,8.45
174,81251.0,1.0,65.92,65.92,0.0,0.0,132367.4599777985,72268.77617572587,59483.79961777972,49095.022212847165,33675.42255486215,19392.98865131172,7933.665799143151,3320.0616558216793,1412.200044117397,608.3140083563587,264.7501359157979,51.425669367979005,10.26825021120088,2.098135708708404,0.4374740190682032,0.0928970697719603,0.02006150770390106,5.88,8.45
175,81187.0,1.0,65.92,65.92,0.0,0.0,132367.4599777985,72268.77617572587,59483.79961777972,49095.022212847165,33675.42255486215,19392.98865131172,7933.665799143151,3320.0616558216793,1412.200044117397,608.3140083563587,264.7501359157979,51.425669367979005,10.26825021120088,2.098135708708404,0.4374740190682032,0.0928970697719603,0.02006150770390106,5.88,8.45
176,81305.0,1.0,65.92,65.92,0.0,0.0,132367.4599777985,72268.77617572587,59483.79961777972,49095.022212847165,33675.42255486215,19392.98865131172,7933.665799143151,3320.0616558216793,1412.200044117397,608.3140083563587,264.7501359157979,51.425669367979005,10.26825021120088,2.098135708708404,0.4374740190682032,0.0928970697719603,0.02006150770390106,5.88,8.45
177,81244.0,1.0,66.92,66.92,0.0,0.0,205640.03862363935,109837.29073227025,89714.7541088946,73469.48840899135,49594.95007545543,27864.695125009544,10926.70736708098,4378.6774944422295,1782.4240446877257,734.4979927492329,305.72843411239455,54.29581574108844,9.909945579652403,1.8510149362495976,0.352867440445858,0.0685283634461866,0.013539335308871135,18.23,22.15
178,81214.0,1.0,66.92,66.92,0.0,0.0,205640.03862363935,109837.29073227025,89714.7541088946,73469.48840899135,49594.95007545543,27864.695125009544,10926.70736708098,4378.6774944422295,1782.4240446877257,734.4979927492329,305.72843411239455,54.29581574108844,9.909945579652403,1.8510149362495976,0.352867440445858,0.0685283634461866,0.013539335308871135,18.23,22.15
179,81324.0,1.0,66.92,66.92,0.0,0.0,205640.03862363935,109837.29073227025,89714.7541088946,73469.48840899135,49594.95007545543,27864.695125009544,10926.70736708098,4378.6774944422295,1782.4240446877257,734.4979927492329,305.72843411239455,54.29581574108844,9.909945579652403,1.8510149362495976,0.352867440445858,0.0685283634461866,0.013539335308871135,18.23,22.15
180,81250.0,1.0,66.92,66.92,0.0,0.0,205640.03862363935,109837.29073227025,89714.7541088946,73469.48840899135,49594.95007545543,27864.695125009544,10926.70736708098,4378.6774944422295,1782.4240446877257,734.4979927492329,305.72843411239455,54.29581574108844,9.909945579652403,1.8510149362495976,0.352867440445858,0.0685283634461866,0.013539335308871135,18.23,22.15
181,81186.0,1.0,66.92,66.92,0.0,0.0,205640.03862363935,109837.29073227025,89714.7541088946,73469.48840899135,49594.95007545543,27864.695125009544,10926.70736708098,4378.6774944422295,1782.4240446877257,734.4979927492329,305.72843411239455,54.29581574108844,9.909945579652403,1.8510149362495976,0.352867440445858,0.0685283634461866,0.013539335308871135,18.23,22.15
182,81245.0,1.0,66.92,66.92,0.0,0.0,125924.90295219138,66730.20229599308,54382.35921206668,44441.4243479165,29885.22765678909,16707.226511040517,6506.2520936502815,2592.316577346007,1050.0496536647352,430.8233952483605,178.62857034387756,31.509009398975238,5.717745936806276,1.0625854781060138,0.20165434440994837,0.03900321835400986,0.007677472929260023,5.88,8.45
183,81215.0,1.0,66.92,66.92,0.0,0.0,125924.90295219138,66730.20229599308,54382.35921206668,44441.4243479165,29885.22765678909,16707.226511040517,6506.2520936502815,2592.316577346007,1050.0496536647352,430.8233952483605,178.62857034387756,31.509009398975238,5.717745936806276,1.0625854781060138,0.20165434440994837,0.03900321835400986,0.007677472929260023,5.88,8.45
184,81325.0,1.0,66.92,66.92,0.0,0.0,125924.90295219138,66730.20229599308,54382.35921206668,44441.4243479165,29885.22765678909,16707.226511040517,6506.2520936502815,2592.316577346007,1050.0496536647352,430.8233952483605,178.62857034387756,31.509009398975238,5.717745936806276,1.0625854781060138,0.20165434440994837,0.03900321835400986,0.007677472929260023,5.88,8.45
185,81251.0,1.0,66.92,66.92,0.0,0.0,125924.90295219138,66730.20229599308,54382.35921206668,44441.4243479165,29885.22765678909,16707.226511040517,6506.2520936502815,2592.316577346007,1050.0496536647352,430.8233952483605,178.62857034387756,31.509009398975238,5.717745936806276,1.0625854781060138,0.20165434440994837,0.03900321835400986,0.007677472929260023,5.88,8.45
186,81187.0,1.0,66.92,66.92,0.0,0.0,125924.90295219138,66730.20229599308,54382.35921206668,44441.4243479165,29885.22765678909,16707.226511040517,6506.2520936502815,2592.316577346007,1050.0496536647352,430.8233952483605,178.62857034387756,31.509009398975238,5.717745936806276,1.0625854781060138,0.20165434440994837,0.03900321835400986,0.007677472929260023,5.88,8.45
187,81305.0,1.0,66.92,66.92,0.0,0.0,125924.90295219138,66730.20229599308,54382.35921206668,44441.4243479165,29885.22765678909,16707.226511040517,6506.2520936502815,2592.316577346007,1050.0496536647352,430.8233952483605,178.62857034387756,31.509009398975238,5.717745936806276,1.0625854781060138,0.20165434440994837,0.03900321835400986,0.007677472929260023,5.88,8.45
188,81244.0,1.0,67.92,67.92,0.0,0.0,195631.17635640939,101419.52054627531,82020.65126844787,66505.49411817783,44013.0000215269,24005.67449840343,8960.78994043997,3418.8877895658343,1325.3318880738207,520.1900904671522,206.27688408945087,33.26757608674403,5.51822851085376,0.9374329710192746,0.16265480752042658,0.028771916374711305,0.0051814590333018355,18.23,22.15
189,81214.0,1.0,67.92,67.92,0.0,0.0,195631.17635640939,101419.52054627531,82020.65126844787,66505.49411817783,44013.0000215269,24005.67449840343,8960.78994043997,3418.8877895658343,1325.3318880738207,520.1900904671522,206.27688408945087,33.26757608674403,5.51822851085376,0.9374329710192746,0.16265480752042658,0.028771916374711305,0.0051814590333018355,18.23,22.15
190,81324.0,1.0,67.92,67.92,0.0,0.0,195631.17635640939,101419.52054627531,82020.65126844787,66505.49411817783,44013.0000215269,24005.67449840343,8960.78994043997,3418.8877895658343,1325.3318880738207,520.1900904671522,206.27688408945087,33.26757608674403,5.51822851085376,0.9374329710192746,0.16265480752042658,0.028771916374711305,0.0051814590333018355,18.23,22.15
191,81250.0,1.0,67.92,67.92,0.0,0.0,195631.17635640939,101419.52054627531,82020.65126844787,66505.49411817783,44013.0000215269,24005.67449840343,8960.78994043997,3418.8877895658343,1325.3318880738207,520.1900904671522,206.27688408945087,33.26757608674403,5.51822851085376,0.9374329710192746,0.16265480752042658,0.028771916374711305,0.0051814590333018355,18.23,22.15
192,81186.0,1.0,67.92,67.92,0.0,0.0,195631.17635640939,101419.52054627531,82020.65126844787,66505.49411817783,44013.0000215269,24005.67449840343,8960.78994043997,3418.8877895658343,1325.3318880738207,520.1900904671522,206.27688408945087,33.26757608674403,5.51822851085376,0.9374329710192746,0.16265480752042658,0.028771916374711305,0.0051814590333018355,18.23,22.15
193,81245.0,1.0,67.92,67.92,0.0,0.0,119795.91650529866,61616.096661670555,49718.42774795232,40228.9297173341,26521.622130890224,14393.419328502256,5335.656602865793,2024.090494042274,780.7705995722022,305.12004547590965,120.52181213325538,19.305877502547464,3.1838548852464363,0.5381386406968134,0.09295289056483692,0.016375662286279565,0.002938143605630329,5.88,8.45
194,81215.0,1.0,67.92,67.92,0.0,0.0,119795.91650529866,61616.096661670555,49718.42774795232,40228.9297173341,26521.622130890224,14393.419328502256,5335.656602865793,2024.090494042274,780.7705995722022,305.12004547590965,120.52181213325538,19.305877502547464,3.1838548852464363,0.5381386406968134,0.09295289056483692,0.016375662286279565,0.002938143605630329,5.88,8.45
195,81325.0,1.0,67.92,67.92,0.0,0.0,119795.91650529866,61616.096661670555,49718.42774795232,40228.9297173341,26521.622130890224,14393.419328502256,5335.656602865793,2024.090494042274,780.7705995722022,305.12004547590965,120.52181213325538,19.305877502547464,3.1838548852464363,0.5381386406968134,0.09295289056483692,0.016375662286279565,0.002938143605630329,5.88,8.45
196,81251.0,1.0,67.92,67.92,0.0,0.0,119795.91650529866,61616.096661670555,49718.42774795232,40228.9297173341,26521.622130890224,14393.419328502256,5335.656602865793,2024.090494042274,780.7705995722022,305.12004547590965,120.52181213325538,19.305877502547464,3.1838548852464363,0.5381386406968134,0.09295289056483692,0.016375662286279565,0.002938143605630329,5.88,8.45
197,81187.0,1.0,67.92,67.92,0.0,0.0,119795.91650529866,61616.096661670555,49718.42774795232,40228.9297173341,26521.622130890224,14393.419328502256,5335.656602865793,2024.090494042274,780.7705995722022,305.12004547590965,120.52181213325538,19.305877502547464,3.1838548852464363,0.5381386406968134,0.09295289056483692,0.016375662286279565,0.002938143605630329,5.88,8.45
198,81305.0,1.0,67.92,67.92,0.0,0.0,119795.91650529866,61616.096661670555,49718.42774795232,40228.9297173341,26521.622130890224,14393.419328502256,5335.656602865793,2024.090494042274,780.7705995722022,305.12004547590965,120.52181213325538,19.305877502547464,3.1838548852464363,0.5381386406968134,0.09295289056483692,0.016375662286279565,0.002938143605630329,5.88,8.45
