,UID,IRR,Life,Payout,ROI,DROI,0.05,0.08,0.09,0.1,0.12,0.15,0.2,0.25,0.3,0.35,0.4,0.5,0.6,0.7,0.8,0.9,1.0
0,3501123860.0,1.0,49.92,0.0,0.0,0.0,112481.45936646374,93641.62539711037,88893.65851600493,84690.14358069761,77573.87054664134,69245.74493004952,59303.912159251195,52294.33115914476,47044.25257511918,42940.37874453666,39629.13998123103,34583.53211996195,30892.532574034056,28056.791136391355,25799.54568113048,23953.935098905364,22412.842999138385
1,81244.0,1.0,50.0,0.75,0.0,0.0,478755.90199508757,416144.40253951185,399638.787691894,384709.76503614045,358640.2835543473,326573.37427394,285408.8166226249,253905.06322792295,228600.44124695886,207606.36041060142,189783.8395707943,160928.23051951925,138411.18789261,120279.95051560226,105356.03068702538,92870.91439019724,82294.4673545645
2,81214.0,1.0,50.0,0.75,0.0,0.0,478755.90199508757,416144.40253951185,399638.787691894,384709.76503614045,358640.2835543473,326573.37427394,285408.8166226249,253905.06322792295,228600.44124695886,207606.36041060142,189783.8395707943,160928.23051951925,138411.18789261,120279.95051560226,105356.03068702538,92870.91439019724,82294.4673545645
3,81324.0,1.0,50.0,0.75,0.0,0.0,478755.90199508757,416144.40253951185,399638.787691894,384709.76503614045,358640.2835543473,326573.37427394,285408.8166226249,253905.06322792295,228600.44124695886,207606.36041060142,189783.8395707943,160928.23051951925,138411.18789261,120279.95051560226,105356.03068702538,92870.91439019724,82294.4673545645
4,81250.0,1.0,50.0,0.75,0.0,0.0,478755.90199508757,416144.40253951185,399638.787691894,384709.76503614045,358640.2835543473,326573.37427394,285408.8166226249,253905.06322792295,228600.44124695886,207606.36041060142,189783.8395707943,160928.23051951925,138411.18789261,120279.95051560226,105356.03068702538,92870.91439019724,82294.4673545645
5,81186.0,1.0,50.0,0.75,0.0,0.0,478755.90199508757,416144.40253951185,399638.787691894,384709.76503614045,358640.2835543473,326573.37427394,285408.8166226249,253905.06322792295,228600.44124695886,207606.36041060142,189783.8395707943,160928.23051951925,138411.18789261,120279.95051560226,105356.03068702538,92870.91439019724,82294.4673545645
6,81245.0,1.0,50.0,0.75,0.0,0.0,291038.19092417194,250856.15157231633,240330.51768461632,230837.19743761106,214324.97974786875,194136.78946682822,168439.310304434,148954.72949971803,133428.44461473322,120636.58195107017,109844.3652076266,92509.5142256516,79108.53320366521,68403.29725152261,59652.37328837351,52375.85656642538,46245.0610250603
7,81215.0,1.0,50.0,0.75,0.0,0.0,291038.19092417194,250856.15157231633,240330.51768461632,230837.19743761106,214324.97974786875,194136.78946682822,168439.310304434,148954.72949971803,133428.44461473322,120636.58195107017,109844.3652076266,92509.5142256516,79108.53320366521,68403.29725152261,59652.37328837351,52375.85656642538,46245.0610250603
8,81325.0,1.0,50.0,0.75,0.0,0.0,291038.19092417194,250856.15157231633,240330.51768461632,230837.19743761106,214324.97974786875,194136.78946682822,168439.310304434,148954.72949971803,133428.44461473322,120636.58195107017,109844.3652076266,92509.5142256516,79108.53320366521,68403.29725152261,59652.37328837351,52375.85656642538,46245.0610250603
9,81251.0,1.0,50.0,0.75,0.0,0.0,291038.19092417194,250856.15157231633,240330.51768461632,230837.19743761106,214324.97974786875,194136.78946682822,168439.310304434,148954.72949971803,133428.44461473322,120636.58195107017,109844.3652076266,92509.5142256516,79108.53320366521,68403.29725152261,59652.37328837351,52375.85656642538,46245.0610250603
10,81187.0,1.0,50.0,0.75,0.0,0.0,291038.19092417194,250856.15157231633,240330.51768461632,230837.19743761106,214324.97974786875,194136.78946682822,168439.310304434,148954.72949971803,133428.44461473322,120636.58195107017,109844.3652076266,92509.5142256516,79108.53320366521,68403.29725152261,59652.37328837351,52375.85656642538,46245.0610250603
11,81305.0,1.0,50.0,0.75,0.0,0.0,291038.19092417194,250856.15157231633,240330.51768461632,230837.19743761106,214324.97974786875,194136.78946682822,168439.310304434,148954.72949971803,133428.44461473322,120636.58195107017,109844.3652076266,92509.5142256516,79108.53320366521,68403.29725152261,59652.37328837351,52375.85656642538,46245.0610250603
12,81244.0,1.0,50.0,1.75,0.0,0.0,439999.7207025038,369724.9803334146,351134.50737804023,334303.4780048569,304896.08214268176,268765.5570773326,222701.12349643523,187992.2371065489,160708.41982787728,138653.1640862345,120470.37085658706,92395.16919843269,71978.63493876636,56726.6061341942,45113.75203449826,36144.516532407986,29138.984691946236
13,81214.0,1.0,50.0,1.75,0.0,0.0,439999.7207025038,369724.9803334146,351134.50737804023,334303.4780048569,304896.08214268176,268765.5570773326,222701.12349643523,187992.2371065489,160708.41982787728,138653.1640862345,120470.37085658706,92395.16919843269,71978.63493876636,56726.6061341942,45113.75203449826,36144.516532407986,29138.984691946236
14,81324.0,1.0,50.0,1.75,0.0,0.0,439999.7207025038,369724.9803334146,351134.50737804023,334303.4780048569,304896.08214268176,268765.5570773326,222701.12349643523,187992.2371065489,160708.41982787728,138653.1640862345,120470.37085658706,92395.16919843269,71978.63493876636,56726.6061341942,45113.75203449826,36144.516532407986,29138.984691946236
15,81250.0,1.0,50.0,1.75,0.0,0.0,439999.7207025038,369724.9803334146,351134.50737804023,334303.4780048569,304896.08214268176,268765.5570773326,222701.12349643523,187992.2371065489,160708.41982787728,138653.1640862345,120470.37085658706,92395.16919843269,71978.63493876636,56726.6061341942,45113.75203449826,36144.516532407986,29138.984691946236
16,81186.0,1.0,50.0,1.75,0.0,0.0,439999.7207025038,369724.9803334146,351134.50737804023,334303.4780048569,304896.08214268176,268765.5570773326,222701.12349643523,187992.2371065489,160708.41982787728,138653.1640862345,120470.37085658706,92395.16919843269,71978.63493876636,56726.6061341942,45113.75203449826,36144.516532407986,29138.984691946236
17,81245.0,1.0,50.0,1.75,0.0,0.0,268194.94278182974,223465.69108646107,211718.0644870794,201116.02083907276,182673.21773986646,160164.6925008525,131728.66495953064,110512.64096763206,93972.86255946317,80697.97243176874,69822.51773127538,53162.94387494129,41160.39273162916,32264.411114426937,25537.101131204738,20372.345833433305,16359.893472718364
18,81215.0,1.0,50.0,1.75,0.0,0.0,268194.94278182974,223465.69108646107,211718.0644870794,201116.02083907276,182673.21773986646,160164.6925008525,131728.66495953064,110512.64096763206,93972.86255946317,80697.97243176874,69822.51773127538,53162.94387494129,41160.39273162916,32264.411114426937,25537.101131204738,20372.345833433305,16359.893472718364
19,81325.0,1.0,50.0,1.75,0.0,0.0,268194.94278182974,223465.69108646107,211718.0644870794,201116.02083907276,182673.21773986646,160164.6925008525,131728.66495953064,110512.64096763206,93972.86255946317,80697.97243176874,69822.51773127538,53162.94387494129,41160.39273162916,32264.411114426937,25537.101131204738,20372.345833433305,16359.893472718364
20,81251.0,1.0,50.0,1.75,0.0,0.0,268194.94278182974,223465.69108646107,211718.0644870794,201116.02083907276,182673.21773986646,160164.6925008525,131728.66495953064,110512.64096763206,93972.86255946317,80697.97243176874,69822.51773127538,53162.94387494129,41160.39273162916,32264.411114426937,25537.101131204738,20372.345833433305,16359.893472718364
21,81187.0,1.0,50.0,1.75,0.0,0.0,268194.94278182974,223465.69108646107,211718.0644870794,201116.02083907276,182673.21773986646,160164.6925008525,131728.66495953064,110512.64096763206,93972.86255946317,80697.97243176874,69822.51773127538,53162.94387494129,41160.39273162916,32264.411114426937,25537.101131204738,20372.345833433305,16359.893472718364
22,81305.0,1.0,50.0,1.75,0.0,0.0,268194.94278182974,223465.69108646107,211718.0644870794,201116.02083907276,182673.21773986646,160164.6925008525,131728.66495953064,110512.64096763206,93972.86255946317,80697.97243176874,69822.51773127538,53162.94387494129,41160.39273162916,32264.411114426937,25537.101131204738,20372.345833433305,16359.893472718364
23,81244.0,1.0,50.0,2.75,0.0,0.0,415420.21368364186,338466.0651894782,318172.85979749734,299842.04325292504,267948.7004547363,229113.11952383997,180503.33451152433,144919.3510907838,117861.47749765654,96766.3137735961,80028.42523898916,55649.56121792448,39342.15585059678,28161.82375983826,20359.510315091436,14840.207742979814,10893.240124140453
24,81214.0,1.0,50.0,2.75,0.0,0.0,415420.21368364186,338466.0651894782,318172.85979749734,299842.04325292504,267948.7004547363,229113.11952383997,180503.33451152433,144919.3510907838,117861.47749765654,96766.3137735961,80028.42523898916,55649.56121792448,39342.15585059678,28161.82375983826,20359.510315091436,14840.207742979814,10893.240124140453
25,81324.0,1.0,50.0,2.75,0.0,0.0,415420.21368364186,338466.0651894782,318172.85979749734,299842.04325292504,267948.7004547363,229113.11952383997,180503.33451152433,144919.3510907838,117861.47749765654,96766.3137735961,80028.42523898916,55649.56121792448,39342.15585059678,28161.82375983826,20359.510315091436,14840.207742979814,10893.240124140453
26,81250.0,1.0,50.0,2.75,0.0,0.0,415420.21368364186,338466.0651894782,318172.85979749734,299842.04325292504,267948.7004547363,229113.11952383997,180503.33451152433,144919.3510907838,117861.47749765654,96766.3137735961,80028.42523898916,55649.56121792448,39342.15585059678,28161.82375983826,20359.510315091436,14840.207742979814,10893.240124140453
27,81186.0,1.0,50.0,2.75,0.0,0.0,415420.21368364186,338466.0651894782,318172.85979749734,299842.04325292504,267948.7004547363,229113.11952383997,180503.33451152433,144919.3510907838,117861.47749765654,96766.3137735961,80028.42523898916,55649.56121792448,39342.15585059678,28161.82375983826,20359.510315091436,14840.207742979814,10893.240124140453
28,81245.0,1.0,50.0,2.75,0.0,0.0,254028.4719285614,205297.6705371972,192541.65103441395,181056.08662151638,161160.2497937635,137092.82980974068,107234.25302792153,85581.89992480582,69245.82363127277,56594.60086035421,46615.062851721406,32185.47075958549,22616.13247314019,16103.094643398063,11586.577379063097,8409.437696492269,6148.74878388745
29,81215.0,1.0,50.0,2.75,0.0,0.0,254028.4719285614,205297.6705371972,192541.65103441395,181056.08662151638,161160.2497937635,137092.82980974068,107234.25302792153,85581.89992480582,69245.82363127277,56594.60086035421,46615.062851721406,32185.47075958549,22616.13247314019,16103.094643398063,11586.577379063097,8409.437696492269,6148.74878388745
30,81325.0,1.0,50.0,2.75,0.0,0.0,254028.4719285614,205297.6705371972,192541.65103441395,181056.08662151638,161160.2497937635,137092.82980974068,107234.25302792153,85581.89992480582,69245.82363127277,56594.60086035421,46615.062851721406,32185.47075958549,22616.13247314019,16103.094643398063,11586.577379063097,8409.437696492269,6148.74878388745
31,81251.0,1.0,50.0,2.75,0.0,0.0,254028.4719285614,205297.6705371972,192541.65103441395,181056.08662151638,161160.2497937635,137092.82980974068,107234.25302792153,85581.89992480582,69245.82363127277,56594.60086035421,46615.062851721406,32185.47075958549,22616.13247314019,16103.094643398063,11586.577379063097,8409.437696492269,6148.74878388745
32,81187.0,1.0,50.0,2.75,0.0,0.0,254028.4719285614,205297.6705371972,192541.65103441395,181056.08662151638,161160.2497937635,137092.82980974068,107234.25302792153,85581.89992480582,69245.82363127277,56594.60086035421,46615.062851721406,32185.47075958549,22616.13247314019,16103.094643398063,11586.577379063097,8409.437696492269,6148.74878388745
33,81305.0,1.0,50.0,2.75,0.0,0.0,254028.4719285614,205297.6705371972,192541.65103441395,181056.08662151638,161160.2497937635,137092.82980974068,107234.25302792153,85581.89992480582,69245.82363127277,56594.60086035421,46615.062851721406,32185.47075958549,22616.13247314019,16103.094643398063,11586.577379063097,8409.437696492269,6148.74878388745
34,81244.0,1.0,50.0,3.75,0.0,0.0,396600.0122570066,313767.745237443,292078.54163194826,272566.997940632,238849.56905893484,198322.93376104432,148799.01249440567,113787.46606292564,88157.83753088408,68961.34314278449,54349.047080621036,34337.41750645136,22071.26823617904,14374.720938110637,9461.955471172852,6283.938137747157,4205.601407984957
35,81214.0,1.0,50.0,3.75,0.0,0.0,396600.0122570066,313767.745237443,292078.54163194826,272566.997940632,238849.56905893484,198322.93376104432,148799.01249440567,113787.46606292564,88157.83753088408,68961.34314278449,54349.047080621036,34337.41750645136,22071.26823617904,14374.720938110637,9461.955471172852,6283.938137747157,4205.601407984957
36,81324.0,1.0,50.0,3.75,0.0,0.0,396600.0122570066,313767.745237443,292078.54163194826,272566.997940632,238849.56905893484,198322.93376104432,148799.01249440567,113787.46606292564,88157.83753088408,68961.34314278449,54349.047080621036,34337.41750645136,22071.26823617904,14374.720938110637,9461.955471172852,6283.938137747157,4205.601407984957
37,81250.0,1.0,50.0,3.75,0.0,0.0,396600.0122570066,313767.745237443,292078.54163194826,272566.997940632,238849.56905893484,198322.93376104432,148799.01249440567,113787.46606292564,88157.83753088408,68961.34314278449,54349.047080621036,34337.41750645136,22071.26823617904,14374.720938110637,9461.955471172852,6283.938137747157,4205.601407984957
38,81186.0,1.0,50.0,3.75,0.0,0.0,396600.0122570066,313767.745237443,292078.54163194826,272566.997940632,238849.56905893484,198322.93376104432,148799.01249440567,113787.46606292564,88157.83753088408,68961.34314278449,54349.047080621036,34337.41750645136,22071.26823617904,14374.720938110637,9461.955471172852,6283.938137747157,4205.601407984957
39,81245.0,1.0,50.0,3.75,0.0,0.0,242859.88120092053,190624.75276218116,177048.37801721983,164873.97838585012,143926.58058474064,118910.3829754191,88600.74257518536,67364.99329291935,51934.215955036074,40448.958951684384,31754.052440534862,19926.29572506218,12734.149974057085,8251.655525301507,5407.086532352887,3576.4091250499696,2384.696537816796
40,81215.0,1.0,50.0,3.75,0.0,0.0,242859.88120092053,190624.75276218116,177048.37801721983,164873.97838585012,143926.58058474064,118910.3829754191,88600.74257518536,67364.99329291935,51934.215955036074,40448.958951684384,31754.052440534862,19926.29572506218,12734.149974057085,8251.655525301507,5407.086532352887,3576.4091250499696,2384.696537816796
41,81325.0,1.0,50.0,3.75,0.0,0.0,242859.88120092053,190624.75276218116,177048.37801721983,164873.97838585012,143926.58058474064,118910.3829754191,88600.74257518536,67364.99329291935,51934.215955036074,40448.958951684384,31754.052440534862,19926.29572506218,12734.149974057085,8251.655525301507,5407.086532352887,3576.4091250499696,2384.696537816796
42,81251.0,1.0,50.0,3.75,0.0,0.0,242859.88120092053,190624.75276218116,177048.37801721983,164873.97838585012,143926.58058474064,118910.3829754191,88600.74257518536,67364.99329291935,51934.215955036074,40448.958951684384,31754.052440534862,19926.29572506218,12734.149974057085,8251.655525301507,5407.086532352887,3576.4091250499696,2384.696537816796
43,81187.0,1.0,50.0,3.75,0.0,0.0,242859.88120092053,190624.75276218116,177048.37801721983,164873.97838585012,143926.58058474064,118910.3829754191,88600.74257518536,67364.99329291935,51934.215955036074,40448.958951684384,31754.052440534862,19926.29572506218,12734.149974057085,8251.655525301507,5407.086532352887,3576.4091250499696,2384.696537816796
44,81305.0,1.0,50.0,3.75,0.0,0.0,242859.88120092053,190624.75276218116,177048.37801721983,164873.97838585012,143926.58058474064,118910.3829754191,88600.74257518536,67364.99329291935,51934.215955036074,40448.958951684384,31754.052440534862,19926.29572506218,12734.149974057085,8251.655525301507,5407.086532352887,3576.4091250499696,2384.696537816796
45,81244.0,1.0,50.0,4.75,0.0,0.0,377358.9048039268,289774.5864109467,267080.31136710895,246779.54489343226,212010.82191017462,170894.84051886632,122056.993366148,88868.93718652507,65568.51975043338,48854.49172368566,36680.89659791018,21045.84359622387,12294.44515092062,7282.6805411477035,4363.201128335049,2639.4056444562034,1610.144518040227
46,81214.0,1.0,50.0,4.75,0.0,0.0,377358.9048039268,289774.5864109467,267080.31136710895,246779.54489343226,212010.82191017462,170894.84051886632,122056.993366148,88868.93718652507,65568.51975043338,48854.49172368566,36680.89659791018,21045.84359622387,12294.44515092062,7282.6805411477035,4363.201128335049,2639.4056444562034,1610.144518040227
47,81324.0,1.0,50.0,4.75,0.0,0.0,377358.9048039268,289774.5864109467,267080.31136710895,246779.54489343226,212010.82191017462,170894.84051886632,122056.993366148,88868.93718652507,65568.51975043338,48854.49172368566,36680.89659791018,21045.84359622387,12294.44515092062,7282.6805411477035,4363.201128335049,2639.4056444562034,1610.144518040227
48,81250.0,1.0,50.0,4.75,0.0,0.0,377358.9048039268,289774.5864109467,267080.31136710895,246779.54489343226,212010.82191017462,170894.84051886632,122056.993366148,88868.93718652507,65568.51975043338,48854.49172368566,36680.89659791018,21045.84359622387,12294.44515092062,7282.6805411477035,4363.201128335049,2639.4056444562034,1610.144518040227
49,81186.0,1.0,50.0,4.75,0.0,0.0,377358.9048039268,289774.5864109467,267080.31136710895,246779.54489343226,212010.82191017462,170894.84051886632,122056.993366148,88868.93718652507,65568.51975043338,48854.49172368566,36680.89659791018,21045.84359622387,12294.44515092062,7282.6805411477035,4363.201128335049,2639.4056444562034,1610.144518040227
50,81245.0,1.0,50.0,4.75,0.0,0.0,231077.97384024214,176048.74121097615,161895.9732488052,149276.0425109009,127754.77480769203,102465.81910577662,72678.2132946705,52613.24209699442,38627.28493842453,28655.841411832324,21431.621619490907,12213.34783595402,7093.5317698717045,4180.663501499327,2493.4532411135046,1502.2292886998757,913.0315977439933
51,81215.0,1.0,50.0,4.75,0.0,0.0,231077.97384024214,176048.74121097615,161895.9732488052,149276.0425109009,127754.77480769203,102465.81910577662,72678.2132946705,52613.24209699442,38627.28493842453,28655.841411832324,21431.621619490907,12213.34783595402,7093.5317698717045,4180.663501499327,2493.4532411135046,1502.2292886998757,913.0315977439933
52,81325.0,1.0,50.0,4.75,0.0,0.0,231077.97384024214,176048.74121097615,161895.9732488052,149276.0425109009,127754.77480769203,102465.81910577662,72678.2132946705,52613.24209699442,38627.28493842453,28655.841411832324,21431.621619490907,12213.34783595402,7093.5317698717045,4180.663501499327,2493.4532411135046,1502.2292886998757,913.0315977439933
53,81251.0,1.0,50.0,4.75,0.0,0.0,231077.97384024214,176048.74121097615,161895.9732488052,149276.0425109009,127754.77480769203,102465.81910577662,72678.2132946705,52613.24209699442,38627.28493842453,28655.841411832324,21431.621619490907,12213.34783595402,7093.5317698717045,4180.663501499327,2493.4532411135046,1502.2292886998757,913.0315977439933
54,81187.0,1.0,50.0,4.75,0.0,0.0,231077.97384024214,176048.74121097615,161895.9732488052,149276.0425109009,127754.77480769203,102465.81910577662,72678.2132946705,52613.24209699442,38627.28493842453,28655.841411832324,21431.621619490907,12213.34783595402,7093.5317698717045,4180.663501499327,2493.4532411135046,1502.2292886998757,913.0315977439933
55,81305.0,1.0,50.0,4.75,0.0,0.0,231077.97384024214,176048.74121097615,161895.9732488052,149276.0425109009,127754.77480769203,102465.81910577662,72678.2132946705,52613.24209699442,38627.28493842453,28655.841411832324,21431.621619490907,12213.34783595402,7093.5317698717045,4180.663501499327,2493.4532411135046,1502.2292886998757,913.0315977439933
56,81244.0,1.0,50.0,5.75,0.0,0.0,358992.1833776207,267566.6836314179,244175.01108815146,223387.91145561048,188148.83965201292,147227.37487518322,100096.6751988629,69389.19904568285,48753.85873414428,34599.98899976207,24748.830045172104,12894.993722642557,6846.007095764251,3688.2602743902285,2011.2244949704764,1108.1653590176431,616.1970043281668
57,81214.0,1.0,50.0,5.75,0.0,0.0,358992.1833776207,267566.6836314179,244175.01108815146,223387.91145561048,188148.83965201292,147227.37487518322,100096.6751988629,69389.19904568285,48753.85873414428,34599.98899976207,24748.830045172104,12894.993722642557,6846.007095764251,3688.2602743902285,2011.2244949704764,1108.1653590176431,616.1970043281668
58,81324.0,1.0,50.0,5.75,0.0,0.0,358992.1833776207,267566.6836314179,244175.01108815146,223387.91145561048,188148.83965201292,147227.37487518322,100096.6751988629,69389.19904568285,48753.85873414428,34599.98899976207,24748.830045172104,12894.993722642557,6846.007095764251,3688.2602743902285,2011.2244949704764,1108.1653590176431,616.1970043281668
59,81250.0,1.0,50.0,5.75,0.0,0.0,358992.1833776207,267566.6836314179,244175.01108815146,223387.91145561048,188148.83965201292,147227.37487518322,100096.6751988629,69389.19904568285,48753.85873414428,34599.98899976207,24748.830045172104,12894.993722642557,6846.007095764251,3688.2602743902285,2011.2244949704764,1108.1653590176431,616.1970043281668
60,81186.0,1.0,50.0,5.75,0.0,0.0,358992.1833776207,267566.6836314179,244175.01108815146,223387.91145561048,188148.83965201292,147227.37487518322,100096.6751988629,69389.19904568285,48753.85873414428,34599.98899976207,24748.830045172104,12894.993722642557,6846.007095764251,3688.2602743902285,2011.2244949704764,1108.1653590176431,616.1970043281668
61,81245.0,1.0,50.0,5.75,0.0,0.0,219831.00253719513,162556.62177532897,148011.47587707333,135126.52915082246,113375.87592701043,88275.18440917153,59602.05400412525,41080.616511081724,28721.545039287572,20294.79301997587,14460.048969561873,7483.23738875142,3949.9439164958526,2117.266441395098,1149.361234581601,630.7171701839328,349.41418554874866
62,81215.0,1.0,50.0,5.75,0.0,0.0,219831.00253719513,162556.62177532897,148011.47587707333,135126.52915082246,113375.87592701043,88275.18440917153,59602.05400412525,41080.616511081724,28721.545039287572,20294.79301997587,14460.048969561873,7483.23738875142,3949.9439164958526,2117.266441395098,1149.361234581601,630.7171701839328,349.41418554874866
63,81325.0,1.0,50.0,5.75,0.0,0.0,219831.00253719513,162556.62177532897,148011.47587707333,135126.52915082246,113375.87592701043,88275.18440917153,59602.05400412525,41080.616511081724,28721.545039287572,20294.79301997587,14460.048969561873,7483.23738875142,3949.9439164958526,2117.266441395098,1149.361234581601,630.7171701839328,349.41418554874866
64,81251.0,1.0,50.0,5.75,0.0,0.0,219831.00253719513,162556.62177532897,148011.47587707333,135126.52915082246,113375.87592701043,88275.18440917153,59602.05400412525,41080.616511081724,28721.545039287572,20294.79301997587,14460.048969561873,7483.23738875142,3949.9439164958526,2117.266441395098,1149.361234581601,630.7171701839328,349.41418554874866
65,81187.0,1.0,50.0,5.75,0.0,0.0,219831.00253719513,162556.62177532897,148011.47587707333,135126.52915082246,113375.87592701043,88275.18440917153,59602.05400412525,41080.616511081724,28721.545039287572,20294.79301997587,14460.048969561873,7483.23738875142,3949.9439164958526,2117.266441395098,1149.361234581601,630.7171701839328,349.41418554874866
66,81305.0,1.0,50.0,5.75,0.0,0.0,219831.00253719513,162556.62177532897,148011.47587707333,135126.52915082246,113375.87592701043,88275.18440917153,59602.05400412525,41080.616511081724,28721.545039287572,20294.79301997587,14460.048969561873,7483.23738875142,3949.9439164958526,2117.266441395098,1149.361234581601,630.7171701839328,349.41418554874866
67,81244.0,1.0,50.0,6.75,0.0,0.0,341519.4025782803,247060.76221600227,223234.11162250603,202213.51411458798,166972.54198371648,126837.64967289791,82087.42579632865,54179.346536974874,36251.21858044061,24504.588965015242,16698.190213804904,7900.888474569186,3812.112916030616,1867.8924298251998,927.0771275934247,465.2678020546224,235.81656422067857
68,81214.0,1.0,50.0,6.75,0.0,0.0,341519.4025782803,247060.76221600227,223234.11162250603,202213.51411458798,166972.54198371648,126837.64967289791,82087.42579632865,54179.346536974874,36251.21858044061,24504.588965015242,16698.190213804904,7900.888474569186,3812.112916030616,1867.8924298251998,927.0771275934247,465.2678020546224,235.81656422067857
69,81324.0,1.0,50.0,6.75,0.0,0.0,341519.4025782803,247060.76221600227,223234.11162250603,202213.51411458798,166972.54198371648,126837.64967289791,82087.42579632865,54179.346536974874,36251.21858044061,24504.588965015242,16698.190213804904,7900.888474569186,3812.112916030616,1867.8924298251998,927.0771275934247,465.2678020546224,235.81656422067857
70,81250.0,1.0,50.0,6.75,0.0,0.0,341519.4025782803,247060.76221600227,223234.11162250603,202213.51411458798,166972.54198371648,126837.64967289791,82087.42579632865,54179.346536974874,36251.21858044061,24504.588965015242,16698.190213804904,7900.888474569186,3812.112916030616,1867.8924298251998,927.0771275934247,465.2678020546224,235.81656422067857
71,81186.0,1.0,50.0,6.75,0.0,0.0,341519.4025782803,247060.76221600227,223234.11162250603,202213.51411458798,166972.54198371648,126837.64967289791,82087.42579632865,54179.346536974874,36251.21858044061,24504.588965015242,16698.190213804904,7900.888474569186,3812.112916030616,1867.8924298251998,927.0771275934247,465.2678020546224,235.81656422067857
72,81245.0,1.0,50.0,6.75,0.0,0.0,209131.44110359345,150098.51874680625,135317.7386175115,122318.21378179082,100615.33325518359,76049.8305725634,48878.53842949607,32075.89925402006,21356.073841556172,14373.28668191163,9756.285357892306,4585.05256450292,2199.476572407707,1072.274097700083,529.7998878731757,264.8092083926237,133.7196580757641
73,81215.0,1.0,50.0,6.75,0.0,0.0,209131.44110359345,150098.51874680625,135317.7386175115,122318.21378179082,100615.33325518359,76049.8305725634,48878.53842949607,32075.89925402006,21356.073841556172,14373.28668191163,9756.285357892306,4585.05256450292,2199.476572407707,1072.274097700083,529.7998878731757,264.8092083926237,133.7196580757641
74,81325.0,1.0,50.0,6.75,0.0,0.0,209131.44110359345,150098.51874680625,135317.7386175115,122318.21378179082,100615.33325518359,76049.8305725634,48878.53842949607,32075.89925402006,21356.073841556172,14373.28668191163,9756.285357892306,4585.05256450292,2199.476572407707,1072.274097700083,529.7998878731757,264.8092083926237,133.7196580757641
75,81251.0,1.0,50.0,6.75,0.0,0.0,209131.44110359345,150098.51874680625,135317.7386175115,122318.21378179082,100615.33325518359,76049.8305725634,48878.53842949607,32075.89925402006,21356.073841556172,14373.28668191163,9756.285357892306,4585.05256450292,2199.476572407707,1072.274097700083,529.7998878731757,264.8092083926237,133.7196580757641
76,81187.0,1.0,50.0,6.75,0.0,0.0,209131.44110359345,150098.51874680625,135317.7386175115,122318.21378179082,100615.33325518359,76049.8305725634,48878.53842949607,32075.89925402006,21356.073841556172,14373.28668191163,9756.285357892306,4585.05256450292,2199.476572407707,1072.274097700083,529.7998878731757,264.8092083926237,133.7196580757641
77,81305.0,1.0,50.0,6.75,0.0,0.0,209131.44110359345,150098.51874680625,135317.7386175115,122318.21378179082,100615.33325518359,76049.8305725634,48878.53842949607,32075.89925402006,21356.073841556172,14373.28668191163,9756.285357892306,4585.05256450292,2199.476572407707,1072.274097700083,529.7998878731757,264.8092083926237,133.7196580757641
78,81244.0,1.0,50.0,7.75,0.0,0.0,324897.0527437295,228126.38478875536,204089.14233200846,183046.1864481687,148179.65302400247,109271.7260508362,67318.3745661945,42303.43672422373,26954.806915550456,17354.77084540333,11266.373234915922,4840.9514599428385,2122.727113963815,945.9804541519567,427.3376754589953,195.3446079749663,90.24622250716041
79,81214.0,1.0,50.0,7.75,0.0,0.0,324897.0527437295,228126.38478875536,204089.14233200846,183046.1864481687,148179.65302400247,109271.7260508362,67318.3745661945,42303.43672422373,26954.806915550456,17354.77084540333,11266.373234915922,4840.9514599428385,2122.727113963815,945.9804541519567,427.3376754589953,195.3446079749663,90.24622250716041
80,81324.0,1.0,50.0,7.75,0.0,0.0,324897.0527437295,228126.38478875536,204089.14233200846,183046.1864481687,148179.65302400247,109271.7260508362,67318.3745661945,42303.43672422373,26954.806915550456,17354.77084540333,11266.373234915922,4840.9514599428385,2122.727113963815,945.9804541519567,427.3376754589953,195.3446079749663,90.24622250716041
81,81250.0,1.0,50.0,7.75,0.0,0.0,324897.0527437295,228126.38478875536,204089.14233200846,183046.1864481687,148179.65302400247,109271.7260508362,67318.3745661945,42303.43672422373,26954.806915550456,17354.77084540333,11266.373234915922,4840.9514599428385,2122.727113963815,945.9804541519567,427.3376754589953,195.3446079749663,90.24622250716041
82,81186.0,1.0,50.0,7.75,0.0,0.0,324897.0527437295,228126.38478875536,204089.14233200846,183046.1864481687,148179.65302400247,109271.7260508362,67318.3745661945,42303.43672422373,26954.806915550456,17354.77084540333,11266.373234915922,4840.9514599428385,2122.727113963815,945.9804541519567,427.3376754589953,195.3446079749663,90.24622250716041
83,81245.0,1.0,50.0,7.75,0.0,0.0,198952.64613855229,138595.18661210657,123712.63968588988,110723.96750506501,89290.99954710793,65517.58309909235,40084.382307333995,25044.982289311632,15879.434386351259,10179.525843750827,6582.626669175646,2809.30644414081,1224.750855921535,543.0453712008613,244.212100378179,111.18123964990218,51.174072763581584
84,81215.0,1.0,50.0,7.75,0.0,0.0,198952.64613855229,138595.18661210657,123712.63968588988,110723.96750506501,89290.99954710793,65517.58309909235,40084.382307333995,25044.982289311632,15879.434386351259,10179.525843750827,6582.626669175646,2809.30644414081,1224.750855921535,543.0453712008613,244.212100378179,111.18123964990218,51.174072763581584
85,81325.0,1.0,50.0,7.75,0.0,0.0,198952.64613855229,138595.18661210657,123712.63968588988,110723.96750506501,89290.99954710793,65517.58309909235,40084.382307333995,25044.982289311632,15879.434386351259,10179.525843750827,6582.626669175646,2809.30644414081,1224.750855921535,543.0453712008613,244.212100378179,111.18123964990218,51.174072763581584
86,81251.0,1.0,50.0,7.75,0.0,0.0,198952.64613855229,138595.18661210657,123712.63968588988,110723.96750506501,89290.99954710793,65517.58309909235,40084.382307333995,25044.982289311632,15879.434386351259,10179.525843750827,6582.626669175646,2809.30644414081,1224.750855921535,543.0453712008613,244.212100378179,111.18123964990218,51.174072763581584
87,81187.0,1.0,50.0,7.75,0.0,0.0,198952.64613855229,138595.18661210657,123712.63968588988,110723.96750506501,89290.99954710793,65517.58309909235,40084.382307333995,25044.982289311632,15879.434386351259,10179.525843750827,6582.626669175646,2809.30644414081,1224.750855921535,543.0453712008613,244.212100378179,111.18123964990218,51.174072763581584
88,81305.0,1.0,50.0,7.75,0.0,0.0,198952.64613855229,138595.18661210657,123712.63968588988,110723.96750506501,89290.99954710793,65517.58309909235,40084.382307333995,25044.982289311632,15879.434386351259,10179.525843750827,6582.626669175646,2809.30644414081,1224.750855921535,543.0453712008613,244.212100378179,111.18123964990218,51.174072763581584
89,81244.0,1.0,50.0,8.75,0.0,0.0,309083.7419035559,210643.11050448343,186586.08093125984,165695.68319865607,131501.9182762103,94138.53177602943,55206.549727585014,33030.68185695256,20042.405312317525,12291.088478425907,7601.492391881603,2966.098194266756,1182.013885635112,479.0848794870304,196.9819807125967,82.0162403166109,34.53693214353825
90,81214.0,1.0,50.0,8.75,0.0,0.0,309083.7419035559,210643.11050448343,186586.08093125984,165695.68319865607,131501.9182762103,94138.53177602943,55206.549727585014,33030.68185695256,20042.405312317525,12291.088478425907,7601.492391881603,2966.098194266756,1182.013885635112,479.0848794870304,196.9819807125967,82.0162403166109,34.53693214353825
91,81324.0,1.0,50.0,8.75,0.0,0.0,309083.7419035559,210643.11050448343,186586.08093125984,165695.68319865607,131501.9182762103,94138.53177602943,55206.549727585014,33030.68185695256,20042.405312317525,12291.088478425907,7601.492391881603,2966.098194266756,1182.013885635112,479.0848794870304,196.9819807125967,82.0162403166109,34.53693214353825
92,81250.0,1.0,50.0,8.75,0.0,0.0,309083.7419035559,210643.11050448343,186586.08093125984,165695.68319865607,131501.9182762103,94138.53177602943,55206.549727585014,33030.68185695256,20042.405312317525,12291.088478425907,7601.492391881603,2966.098194266756,1182.013885635112,479.0848794870304,196.9819807125967,82.0162403166109,34.53693214353825
93,81186.0,1.0,50.0,8.75,0.0,0.0,309083.7419035559,210643.11050448343,186586.08093125984,165695.68319865607,131501.9182762103,94138.53177602943,55206.549727585014,33030.68185695256,20042.405312317525,12291.088478425907,7601.492391881603,2966.098194266756,1182.013885635112,479.0848794870304,196.9819807125967,82.0162403166109,34.53693214353825
94,81245.0,1.0,50.0,8.75,0.0,0.0,189269.2710223564,127973.45311879281,113102.81545061397,100228.71166131897,79241.22837123212,56443.96131889743,32872.45806824089,19555.21598644877,11807.24688916232,7209.39814927627,4441.3393290808235,1721.2894696544656,681.9871045221034,275.0213549084207,112.56995581961762,46.67990258012986,19.58414911387649
95,81215.0,1.0,50.0,8.75,0.0,0.0,189269.2710223564,127973.45311879281,113102.81545061397,100228.71166131897,79241.22837123212,56443.96131889743,32872.45806824089,19555.21598644877,11807.24688916232,7209.39814927627,4441.3393290808235,1721.2894696544656,681.9871045221034,275.0213549084207,112.56995581961762,46.67990258012986,19.58414911387649
96,81325.0,1.0,50.0,8.75,0.0,0.0,189269.2710223564,127973.45311879281,113102.81545061397,100228.71166131897,79241.22837123212,56443.96131889743,32872.45806824089,19555.21598644877,11807.24688916232,7209.39814927627,4441.3393290808235,1721.2894696544656,681.9871045221034,275.0213549084207,112.56995581961762,46.67990258012986,19.58414911387649
97,81251.0,1.0,50.0,8.75,0.0,0.0,189269.2710223564,127973.45311879281,113102.81545061397,100228.71166131897,79241.22837123212,56443.96131889743,32872.45806824089,19555.21598644877,11807.24688916232,7209.39814927627,4441.3393290808235,1721.2894696544656,681.9871045221034,275.0213549084207,112.56995581961762,46.67990258012986,19.58414911387649
98,81187.0,1.0,50.0,8.75,0.0,0.0,189269.2710223564,127973.45311879281,113102.81545061397,100228.71166131897,79241.22837123212,56443.96131889743,32872.45806824089,19555.21598644877,11807.24688916232,7209.39814927627,4441.3393290808235,1721.2894696544656,681.9871045221034,275.0213549084207,112.56995581961762,46.67990258012986,19.58414911387649
99,81305.0,1.0,50.0,8.75,0.0,0.0,189269.2710223564,127973.45311879281,113102.81545061397,100228.71166131897,79241.22837123212,56443.96131889743,32872.45806824089,19555.21598644877,11807.24688916232,7209.39814927627,4441.3393290808235,1721.2894696544656,681.9871045221034,275.0213549084207,112.56995581961762,46.67990258012986,19.58414911387649
100,81244.0,1.0,50.0,9.75,0.0,0.0,294040.09270732827,194499.72892916814,170584.1143702357,149989.79199407445,116701.27549510438,81101.15475638803,45273.86694144606,25790.480122161644,14902.648420437055,8704.860313641506,5128.774396072556,1817.3573048254436,658.1895603270807,242.62903186394306,90.79915709229581,34.434857175756306,13.217170190062252
101,81214.0,1.0,50.0,9.75,0.0,0.0,294040.09270732827,194499.72892916814,170584.1143702357,149989.79199407445,116701.27549510438,81101.15475638803,45273.86694144606,25790.480122161644,14902.648420437055,8704.860313641506,5128.774396072556,1817.3573048254436,658.1895603270807,242.62903186394306,90.79915709229581,34.434857175756306,13.217170190062252
102,81324.0,1.0,50.0,9.75,0.0,0.0,294040.09270732827,194499.72892916814,170584.1143702357,149989.79199407445,116701.27549510438,81101.15475638803,45273.86694144606,25790.480122161644,14902.648420437055,8704.860313641506,5128.774396072556,1817.3573048254436,658.1895603270807,242.62903186394306,90.79915709229581,34.434857175756306,13.217170190062252
103,81250.0,1.0,50.0,9.75,0.0,0.0,294040.09270732827,194499.72892916814,170584.1143702357,149989.79199407445,116701.27549510438,81101.15475638803,45273.86694144606,25790.480122161644,14902.648420437055,8704.860313641506,5128.774396072556,1817.3573048254436,658.1895603270807,242.62903186394306,90.79915709229581,34.434857175756306,13.217170190062252
104,81186.0,1.0,50.0,9.75,0.0,0.0,294040.09270732827,194499.72892916814,170584.1143702357,149989.79199407445,116701.27549510438,81101.15475638803,45273.86694144606,25790.480122161644,14902.648420437055,8704.860313641506,5128.774396072556,1817.3573048254436,658.1895603270807,242.62903186394306,90.79915709229581,34.434857175756306,13.217170190062252
105,81245.0,1.0,50.0,9.75,0.0,0.0,180057.20279984054,118165.75382941384,103402.90931739507,90728.27561772737,70322.56672710905,48626.958118260096,26958.09283433925,15268.785893286893,8779.347910619555,5105.8784537293195,2996.5993861399324,1054.6508532462708,379.7559385124773,139.2825529262951,51.88930005354862,19.598749858806165,7.494789368953603
106,81215.0,1.0,50.0,9.75,0.0,0.0,180057.20279984054,118165.75382941384,103402.90931739507,90728.27561772737,70322.56672710905,48626.958118260096,26958.09283433925,15268.785893286893,8779.347910619555,5105.8784537293195,2996.5993861399324,1054.6508532462708,379.7559385124773,139.2825529262951,51.88930005354862,19.598749858806165,7.494789368953603
107,81325.0,1.0,50.0,9.75,0.0,0.0,180057.20279984054,118165.75382941384,103402.90931739507,90728.27561772737,70322.56672710905,48626.958118260096,26958.09283433925,15268.785893286893,8779.347910619555,5105.8784537293195,2996.5993861399324,1054.6508532462708,379.7559385124773,139.2825529262951,51.88930005354862,19.598749858806165,7.494789368953603
108,81251.0,1.0,50.0,9.75,0.0,0.0,180057.20279984054,118165.75382941384,103402.90931739507,90728.27561772737,70322.56672710905,48626.958118260096,26958.09283433925,15268.785893286893,8779.347910619555,5105.8784537293195,2996.5993861399324,1054.6508532462708,379.7559385124773,139.2825529262951,51.88930005354862,19.598749858806165,7.494789368953603
109,81187.0,1.0,50.0,9.75,0.0,0.0,180057.20279984054,118165.75382941384,103402.90931739507,90728.27561772737,70322.56672710905,48626.958118260096,26958.09283433925,15268.785893286893,8779.347910619555,5105.8784537293195,2996.5993861399324,1054.6508532462708,379.7559385124773,139.2825529262951,51.88930005354862,19.598749858806165,7.494789368953603
110,81305.0,1.0,50.0,9.75,0.0,0.0,180057.20279984054,118165.75382941384,103402.90931739507,90728.27561772737,70322.56672710905,48626.958118260096,26958.09283433925,15268.785893286893,8779.347910619555,5105.8784537293195,2996.5993861399324,1054.6508532462708,379.7559385124773,139.2825529262951,51.88930005354862,19.598749858806165,7.494789368953603
111,81244.0,1.0,50.0,10.75,0.0,0.0,279728.6443695003,179593.55263468102,155954.50598588862,135772.6240547478,103566.45652558564,69869.34232698975,37128.25811332272,20137.303486867288,11080.951935777148,6165.002653183665,3460.4161195902034,1113.512553221077,366.50457544395454,122.877697927488,41.85401577771923,14.457616980945438,5.058167503327444
112,81214.0,1.0,50.0,10.75,0.0,0.0,279728.6443695003,179593.55263468102,155954.50598588862,135772.6240547478,103566.45652558564,69869.34232698975,37128.25811332272,20137.303486867288,11080.951935777148,6165.002653183665,3460.4161195902034,1113.512553221077,366.50457544395454,122.877697927488,41.85401577771923,14.457616980945438,5.058167503327444
113,81324.0,1.0,50.0,10.75,0.0,0.0,279728.6443695003,179593.55263468102,155954.50598588862,135772.6240547478,103566.45652558564,69869.34232698975,37128.25811332272,20137.303486867288,11080.951935777148,6165.002653183665,3460.4161195902034,1113.512553221077,366.50457544395454,122.877697927488,41.85401577771923,14.457616980945438,5.058167503327444
114,81250.0,1.0,50.0,10.75,0.0,0.0,279728.6443695003,179593.55263468102,155954.50598588862,135772.6240547478,103566.45652558564,69869.34232698975,37128.25811332272,20137.303486867288,11080.951935777148,6165.002653183665,3460.4161195902034,1113.512553221077,366.50457544395454,122.877697927488,41.85401577771923,14.457616980945438,5.058167503327444
115,81186.0,1.0,50.0,10.75,0.0,0.0,279728.6443695003,179593.55263468102,155954.50598588862,135772.6240547478,103566.45652558564,69869.34232698975,37128.25811332272,20137.303486867288,11080.951935777148,6165.002653183665,3460.4161195902034,1113.512553221077,366.50457544395454,122.877697927488,41.85401577771923,14.457616980945438,5.058167503327444
116,81245.0,1.0,50.0,10.75,0.0,0.0,171293.50213576606,109109.7023467217,94534.88503095778,82128.36282263722,62407.70736062999,41892.54263136491,22107.831661270815,11921.92522018645,6527.935805801405,3616.112502660765,2021.8243227257835,646.1948683601541,211.4623163388838,70.53862983158552,23.918455332448282,8.228616059527905,2.868231208737016
117,81215.0,1.0,50.0,10.75,0.0,0.0,171293.50213576606,109109.7023467217,94534.88503095778,82128.36282263722,62407.70736062999,41892.54263136491,22107.831661270815,11921.92522018645,6527.935805801405,3616.112502660765,2021.8243227257835,646.1948683601541,211.4623163388838,70.53862983158552,23.918455332448282,8.228616059527905,2.868231208737016
118,81325.0,1.0,50.0,10.75,0.0,0.0,171293.50213576606,109109.7023467217,94534.88503095778,82128.36282263722,62407.70736062999,41892.54263136491,22107.831661270815,11921.92522018645,6527.935805801405,3616.112502660765,2021.8243227257835,646.1948683601541,211.4623163388838,70.53862983158552,23.918455332448282,8.228616059527905,2.868231208737016
119,81251.0,1.0,50.0,10.75,0.0,0.0,171293.50213576606,109109.7023467217,94534.88503095778,82128.36282263722,62407.70736062999,41892.54263136491,22107.831661270815,11921.92522018645,6527.935805801405,3616.112502660765,2021.8243227257835,646.1948683601541,211.4623163388838,70.53862983158552,23.918455332448282,8.228616059527905,2.868231208737016
120,81187.0,1.0,50.0,10.75,0.0,0.0,171293.50213576606,109109.7023467217,94534.88503095778,82128.36282263722,62407.70736062999,41892.54263136491,22107.831661270815,11921.92522018645,6527.935805801405,3616.112502660765,2021.8243227257835,646.1948683601541,211.4623163388838,70.53862983158552,23.918455332448282,8.228616059527905,2.868231208737016
121,81305.0,1.0,50.0,10.75,0.0,0.0,171293.50213576606,109109.7023467217,94534.88503095778,82128.36282263722,62407.70736062999,41892.54263136491,22107.831661270815,11921.92522018645,6527.935805801405,3616.112502660765,2021.8243227257835,646.1948683601541,211.4623163388838,70.53862983158552,23.918455332448282,8.228616059527905,2.868231208737016
122,81244.0,1.0,50.0,11.75,0.0,0.0,266113.75938682735,165829.76400801045,142579.55980891935,122903.06691964842,91909.97160708818,60193.03932070789,30448.19547471782,15723.281994030958,8239.307023751302,4366.211098666331,2334.7643698052666,682.2600062677351,204.0834615404741,62.23051104793543,19.292675095441012,6.070090190903517,1.9357440453444958
123,81214.0,1.0,50.0,11.75,0.0,0.0,266113.75938682735,165829.76400801045,142579.55980891935,122903.06691964842,91909.97160708818,60193.03932070789,30448.19547471782,15723.281994030958,8239.307023751302,4366.211098666331,2334.7643698052666,682.2600062677351,204.0834615404741,62.23051104793543,19.292675095441012,6.070090190903517,1.9357440453444958
124,81324.0,1.0,50.0,11.75,0.0,0.0,266113.75938682735,165829.76400801045,142579.55980891935,122903.06691964842,91909.97160708818,60193.03932070789,30448.19547471782,15723.281994030958,8239.307023751302,4366.211098666331,2334.7643698052666,682.2600062677351,204.0834615404741,62.23051104793543,19.292675095441012,6.070090190903517,1.9357440453444958
125,81250.0,1.0,50.0,11.75,0.0,0.0,266113.75938682735,165829.76400801045,142579.55980891935,122903.06691964842,91909.97160708818,60193.03932070789,30448.19547471782,15723.281994030958,8239.307023751302,4366.211098666331,2334.7643698052666,682.2600062677351,204.0834615404741,62.23051104793543,19.292675095441012,6.070090190903517,1.9357440453444958
126,81186.0,1.0,50.0,11.75,0.0,0.0,266113.75938682735,165829.76400801045,142579.55980891935,122903.06691964842,91909.97160708818,60193.03932070789,30448.19547471782,15723.281994030958,8239.307023751302,4366.211098666331,2334.7643698052666,682.2600062677351,204.0834615404741,62.23051104793543,19.292675095441012,6.070090190903517,1.9357440453444958
127,81245.0,1.0,50.0,11.75,0.0,0.0,162956.34619267602,100747.69347620271,86427.39886925984,74343.61486540615,55383.671547765516,36090.78577057248,18130.222481484674,9308.683869763867,4853.885085601625,2561.0225058038013,1364.137498950514,395.92990098069066,117.75013027199036,35.72377296351297,11.025250001444165,3.454818431936711,1.0976626375721077
128,81215.0,1.0,50.0,11.75,0.0,0.0,162956.34619267602,100747.69347620271,86427.39886925984,74343.61486540615,55383.671547765516,36090.78577057248,18130.222481484674,9308.683869763867,4853.885085601625,2561.0225058038013,1364.137498950514,395.92990098069066,117.75013027199036,35.72377296351297,11.025250001444165,3.454818431936711,1.0976626375721077
129,81325.0,1.0,50.0,11.75,0.0,0.0,162956.34619267602,100747.69347620271,86427.39886925984,74343.61486540615,55383.671547765516,36090.78577057248,18130.222481484674,9308.683869763867,4853.885085601625,2561.0225058038013,1364.137498950514,395.92990098069066,117.75013027199036,35.72377296351297,11.025250001444165,3.454818431936711,1.0976626375721077
130,81251.0,1.0,50.0,11.75,0.0,0.0,162956.34619267602,100747.69347620271,86427.39886925984,74343.61486540615,55383.671547765516,36090.78577057248,18130.222481484674,9308.683869763867,4853.885085601625,2561.0225058038013,1364.137498950514,395.92990098069066,117.75013027199036,35.72377296351297,11.025250001444165,3.454818431936711,1.0976626375721077
131,81187.0,1.0,50.0,11.75,0.0,0.0,162956.34619267602,100747.69347620271,86427.39886925984,74343.61486540615,55383.671547765516,36090.78577057248,18130.222481484674,9308.683869763867,4853.885085601625,2561.0225058038013,1364.137498950514,395.92990098069066,117.75013027199036,35.72377296351297,11.025250001444165,3.454818431936711,1.0976626375721077
132,81305.0,1.0,50.0,11.75,0.0,0.0,162956.34619267602,100747.69347620271,86427.39886925984,74343.61486540615,55383.671547765516,36090.78577057248,18130.222481484674,9308.683869763867,4853.885085601625,2561.0225058038013,1364.137498950514,395.92990098069066,117.75013027199036,35.72377296351297,11.025250001444165,3.454818431936711,1.0976626375721077
133,81244.0,1.0,50.0,12.75,0.0,0.0,253161.53479601102,153120.81212007854,130351.67369351076,111253.38383505576,81565.43309685266,51856.82106048225,24970.000069406924,12276.797478125394,6126.385226205428,3092.261338812616,1575.2801033529252,418.02736287610924,113.64130781693679,31.516186994099733,8.89298924898844,2.5485524325526567,0.7408028711231279
134,81214.0,1.0,50.0,12.75,0.0,0.0,253161.53479601102,153120.81212007854,130351.67369351076,111253.38383505576,81565.43309685266,51856.82106048225,24970.000069406924,12276.797478125394,6126.385226205428,3092.261338812616,1575.2801033529252,418.02736287610924,113.64130781693679,31.516186994099733,8.89298924898844,2.5485524325526567,0.7408028711231279
135,81324.0,1.0,50.0,12.75,0.0,0.0,253161.53479601102,153120.81212007854,130351.67369351076,111253.38383505576,81565.43309685266,51856.82106048225,24970.000069406924,12276.797478125394,6126.385226205428,3092.261338812616,1575.2801033529252,418.02736287610924,113.64130781693679,31.516186994099733,8.89298924898844,2.5485524325526567,0.7408028711231279
136,81250.0,1.0,50.0,12.75,0.0,0.0,253161.53479601102,153120.81212007854,130351.67369351076,111253.38383505576,81565.43309685266,51856.82106048225,24970.000069406924,12276.797478125394,6126.385226205428,3092.261338812616,1575.2801033529252,418.02736287610924,113.64130781693679,31.516186994099733,8.89298924898844,2.5485524325526567,0.7408028711231279
137,81186.0,1.0,50.0,12.75,0.0,0.0,253161.53479601102,153120.81212007854,130351.67369351076,111253.38383505576,81565.43309685266,51856.82106048225,24970.000069406924,12276.797478125394,6126.385226205428,3092.261338812616,1575.2801033529252,418.02736287610924,113.64130781693679,31.516186994099733,8.89298924898844,2.5485524325526567,0.7408028711231279
138,81245.0,1.0,50.0,12.75,0.0,0.0,155024.9742889847,93026.53680165473,79015.22567949384,67296.76425173336,49150.19640740423,31092.522337427734,14868.259007235334,7268.255234522163,3609.1348207327396,1813.7810343034234,920.3920910072812,242.5901135494776,65.56767853072638,18.0920434348609,5.082106511679245,1.4505197850164875,0.42007187644133487
139,81215.0,1.0,50.0,12.75,0.0,0.0,155024.9742889847,93026.53680165473,79015.22567949384,67296.76425173336,49150.19640740423,31092.522337427734,14868.259007235334,7268.255234522163,3609.1348207327396,1813.7810343034234,920.3920910072812,242.5901135494776,65.56767853072638,18.0920434348609,5.082106511679245,1.4505197850164875,0.42007187644133487
140,81325.0,1.0,50.0,12.75,0.0,0.0,155024.9742889847,93026.53680165473,79015.22567949384,67296.76425173336,49150.19640740423,31092.522337427734,14868.259007235334,7268.255234522163,3609.1348207327396,1813.7810343034234,920.3920910072812,242.5901135494776,65.56767853072638,18.0920434348609,5.082106511679245,1.4505197850164875,0.42007187644133487
141,81251.0,1.0,50.0,12.75,0.0,0.0,155024.9742889847,93026.53680165473,79015.22567949384,67296.76425173336,49150.19640740423,31092.522337427734,14868.259007235334,7268.255234522163,3609.1348207327396,1813.7810343034234,920.3920910072812,242.5901135494776,65.56767853072638,18.0920434348609,5.082106511679245,1.4505197850164875,0.42007187644133487
142,81187.0,1.0,50.0,12.75,0.0,0.0,155024.9742889847,93026.53680165473,79015.22567949384,67296.76425173336,49150.19640740423,31092.522337427734,14868.259007235334,7268.255234522163,3609.1348207327396,1813.7810343034234,920.3920910072812,242.5901135494776,65.56767853072638,18.0920434348609,5.082106511679245,1.4505197850164875,0.42007187644133487
143,81305.0,1.0,50.0,12.75,0.0,0.0,155024.9742889847,93026.53680165473,79015.22567949384,67296.76425173336,49150.19640740423,31092.522337427734,14868.259007235334,7268.255234522163,3609.1348207327396,1813.7810343034234,920.3920910072812,242.5901135494776,65.56767853072638,18.0920434348609,5.082106511679245,1.4505197850164875,0.42007187644133487
144,81244.0,1.0,50.0,13.75,0.0,0.0,240839.71775058997,141385.85581765542,119172.47365240188,100707.94590376077,72385.18041021861,44675.09733428178,20477.433678586833,9585.76945806378,4555.309788999681,2190.0178373042827,1062.8513250039766,256.1294440650232,63.27973244310437,15.961142306576223,4.099237528823174,1.0700202628296176,0.2835028190757545
145,81214.0,1.0,50.0,13.75,0.0,0.0,240839.71775058997,141385.85581765542,119172.47365240188,100707.94590376077,72385.18041021861,44675.09733428178,20477.433678586833,9585.76945806378,4555.309788999681,2190.0178373042827,1062.8513250039766,256.1294440650232,63.27973244310437,15.961142306576223,4.099237528823174,1.0700202628296176,0.2835028190757545
146,81324.0,1.0,50.0,13.75,0.0,0.0,240839.71775058997,141385.85581765542,119172.47365240188,100707.94590376077,72385.18041021861,44675.09733428178,20477.433678586833,9585.76945806378,4555.309788999681,2190.0178373042827,1062.8513250039766,256.1294440650232,63.27973244310437,15.961142306576223,4.099237528823174,1.0700202628296176,0.2835028190757545
147,81250.0,1.0,50.0,13.75,0.0,0.0,240839.71775058997,141385.85581765542,119172.47365240188,100707.94590376077,72385.18041021861,44675.09733428178,20477.433678586833,9585.76945806378,4555.309788999681,2190.0178373042827,1062.8513250039766,256.1294440650232,63.27973244310437,15.961142306576223,4.099237528823174,1.0700202628296176,0.2835028190757545
148,81186.0,1.0,50.0,13.75,0.0,0.0,240839.71775058997,141385.85581765542,119172.47365240188,100707.94590376077,72385.18041021861,44675.09733428178,20477.433678586833,9585.76945806378,4555.309788999681,2190.0178373042827,1062.8513250039766,256.1294440650232,63.27973244310437,15.961142306576223,4.099237528823174,1.0700202628296176,0.2835028190757545
149,81245.0,1.0,50.0,13.75,0.0,0.0,147479.63620198367,85897.11834299946,72238.73413830085,60917.86748535897,43618.303723381025,26786.47540258606,12193.183295571545,5675.080912968946,2683.593435877774,1284.5656892680297,620.9942926138165,148.637329603501,36.51053682894586,9.162583022325471,2.3426050740499744,0.6090067215326299,0.16076012368176473
150,81215.0,1.0,50.0,13.75,0.0,0.0,147479.63620198367,85897.11834299946,72238.73413830085,60917.86748535897,43618.303723381025,26786.47540258606,12193.183295571545,5675.080912968946,2683.593435877774,1284.5656892680297,620.9942926138165,148.637329603501,36.51053682894586,9.162583022325471,2.3426050740499744,0.6090067215326299,0.16076012368176473
151,81325.0,1.0,50.0,13.75,0.0,0.0,147479.63620198367,85897.11834299946,72238.73413830085,60917.86748535897,43618.303723381025,26786.47540258606,12193.183295571545,5675.080912968946,2683.593435877774,1284.5656892680297,620.9942926138165,148.637329603501,36.51053682894586,9.162583022325471,2.3426050740499744,0.6090067215326299,0.16076012368176473
152,81251.0,1.0,50.0,13.75,0.0,0.0,147479.63620198367,85897.11834299946,72238.73413830085,60917.86748535897,43618.303723381025,26786.47540258606,12193.183295571545,5675.080912968946,2683.593435877774,1284.5656892680297,620.9942926138165,148.637329603501,36.51053682894586,9.162583022325471,2.3426050740499744,0.6090067215326299,0.16076012368176473
153,81187.0,1.0,50.0,13.75,0.0,0.0,147479.63620198367,85897.11834299946,72238.73413830085,60917.86748535897,43618.303723381025,26786.47540258606,12193.183295571545,5675.080912968946,2683.593435877774,1284.5656892680297,620.9942926138165,148.637329603501,36.51053682894586,9.162583022325471,2.3426050740499744,0.6090067215326299,0.16076012368176473
154,81305.0,1.0,50.0,13.75,0.0,0.0,147479.63620198367,85897.11834299946,72238.73413830085,60917.86748535897,43618.303723381025,26786.47540258606,12193.183295571545,5675.080912968946,2683.593435877774,1284.5656892680297,620.9942926138165,148.637329603501,36.51053682894586,9.162583022325471,2.3426050740499744,0.6090067215326299,0.16076012368176473
155,81244.0,1.0,50.0,14.75,0.0,0.0,229117.6252068518,130550.24949589849,108952.0224329842,91162.08441076694,64238.17227572689,38487.98057828712,16793.16335183662,7484.604699790081,3387.1274018152158,1551.026126903165,717.1124275982946,156.93300951808848,35.23652283658496,8.08340373721198,1.8895500542321821,0.4492524259032711,0.1084955951939624
156,81214.0,1.0,50.0,14.75,0.0,0.0,229117.6252068518,130550.24949589849,108952.0224329842,91162.08441076694,64238.17227572689,38487.98057828712,16793.16335183662,7484.604699790081,3387.1274018152158,1551.026126903165,717.1124275982946,156.93300951808848,35.23652283658496,8.08340373721198,1.8895500542321821,0.4492524259032711,0.1084955951939624
157,81324.0,1.0,50.0,14.75,0.0,0.0,229117.6252068518,130550.24949589849,108952.0224329842,91162.08441076694,64238.17227572689,38487.98057828712,16793.16335183662,7484.604699790081,3387.1274018152158,1551.026126903165,717.1124275982946,156.93300951808848,35.23652283658496,8.08340373721198,1.8895500542321821,0.4492524259032711,0.1084955951939624
158,81250.0,1.0,50.0,14.75,0.0,0.0,229117.6252068518,130550.24949589849,108952.0224329842,91162.08441076694,64238.17227572689,38487.98057828712,16793.16335183662,7484.604699790081,3387.1274018152158,1551.026126903165,717.1124275982946,156.93300951808848,35.23652283658496,8.08340373721198,1.8895500542321821,0.4492524259032711,0.1084955951939624
159,81186.0,1.0,50.0,14.75,0.0,0.0,229117.6252068518,130550.24949589849,108952.0224329842,91162.08441076694,64238.17227572689,38487.98057828712,16793.16335183662,7484.604699790081,3387.1274018152158,1551.026126903165,717.1124275982946,156.93300951808848,35.23652283658496,8.08340373721198,1.8895500542321821,0.4492524259032711,0.1084955951939624
160,81245.0,1.0,50.0,14.75,0.0,0.0,140301.5429870316,79314.08814414781,66043.40701463577,55143.6108440856,38709.02984669465,23076.778934388243,9999.403346891924,4431.124434894973,1995.401692315879,909.7619717246447,418.9887279853686,91.07154215150568,20.330433064106902,4.640323131174951,1.0798275322158466,0.2556939868749921,0.06152236989801318
161,81215.0,1.0,50.0,14.75,0.0,0.0,140301.5429870316,79314.08814414781,66043.40701463577,55143.6108440856,38709.02984669465,23076.778934388243,9999.403346891924,4431.124434894973,1995.401692315879,909.7619717246447,418.9887279853686,91.07154215150568,20.330433064106902,4.640323131174951,1.0798275322158466,0.2556939868749921,0.06152236989801318
162,81325.0,1.0,50.0,14.75,0.0,0.0,140301.5429870316,79314.08814414781,66043.40701463577,55143.6108440856,38709.02984669465,23076.778934388243,9999.403346891924,4431.124434894973,1995.401692315879,909.7619717246447,418.9887279853686,91.07154215150568,20.330433064106902,4.640323131174951,1.0798275322158466,0.2556939868749921,0.06152236989801318
163,81251.0,1.0,50.0,14.75,0.0,0.0,140301.5429870316,79314.08814414781,66043.40701463577,55143.6108440856,38709.02984669465,23076.778934388243,9999.403346891924,4431.124434894973,1995.401692315879,909.7619717246447,418.9887279853686,91.07154215150568,20.330433064106902,4.640323131174951,1.0798275322158466,0.2556939868749921,0.06152236989801318
164,81187.0,1.0,50.0,14.75,0.0,0.0,140301.5429870316,79314.08814414781,66043.40701463577,55143.6108440856,38709.02984669465,23076.778934388243,9999.403346891924,4431.124434894973,1995.401692315879,909.7619717246447,418.9887279853686,91.07154215150568,20.330433064106902,4.640323131174951,1.0798275322158466,0.2556939868749921,0.06152236989801318
165,81305.0,1.0,50.0,14.75,0.0,0.0,140301.5429870316,79314.08814414781,66043.40701463577,55143.6108440856,38709.02984669465,23076.778934388243,9999.403346891924,4431.124434894973,1995.401692315879,909.7619717246447,418.9887279853686,91.07154215150568,20.330433064106902,4.640323131174951,1.0798275322158466,0.2556939868749921,0.06152236989801318
166,81244.0,1.0,50.0,15.75,0.0,0.0,217966.06751877343,120545.06828053638,99608.09596737142,82521.05193424915,57008.116218543306,33157.72628116695,13771.761627354977,5844.007385864573,2518.5185130179298,1098.4760057011283,483.8402340176744,96.15438617885799,19.621014401878583,4.093780678332214,0.8709911007459592,0.18862048616373878,0.041520906969700226
167,81214.0,1.0,50.0,15.75,0.0,0.0,217966.06751877343,120545.06828053638,99608.09596737142,82521.05193424915,57008.116218543306,33157.72628116695,13771.761627354977,5844.007385864573,2518.5185130179298,1098.4760057011283,483.8402340176744,96.15438617885799,19.621014401878583,4.093780678332214,0.8709911007459592,0.18862048616373878,0.041520906969700226
168,81324.0,1.0,50.0,15.75,0.0,0.0,217966.06751877343,120545.06828053638,99608.09596737142,82521.05193424915,57008.116218543306,33157.72628116695,13771.761627354977,5844.007385864573,2518.5185130179298,1098.4760057011283,483.8402340176744,96.15438617885799,19.621014401878583,4.093780678332214,0.8709911007459592,0.18862048616373878,0.041520906969700226
169,81250.0,1.0,50.0,15.75,0.0,0.0,217966.06751877343,120545.06828053638,99608.09596737142,82521.05193424915,57008.116218543306,33157.72628116695,13771.761627354977,5844.007385864573,2518.5185130179298,1098.4760057011283,483.8402340176744,96.15438617885799,19.621014401878583,4.093780678332214,0.8709911007459592,0.18862048616373878,0.041520906969700226
170,81186.0,1.0,50.0,15.75,0.0,0.0,217966.06751877343,120545.06828053638,99608.09596737142,82521.05193424915,57008.116218543306,33157.72628116695,13771.761627354977,5844.007385864573,2518.5185130179298,1098.4760057011283,483.8402340176744,96.15438617885799,19.621014401878583,4.093780678332214,0.8709911007459592,0.18862048616373878,0.041520906969700226
171,81245.0,1.0,50.0,15.75,0.0,0.0,133472.82019046033,73235.57180367666,60379.40257577491,49916.68195960385,34352.29854821487,19880.84352207128,8200.325121836573,3459.8385571301446,1483.6926713508399,644.3164815245328,282.6943117945354,55.80042249129667,11.320745857848971,2.3500576976220726,0.49774821725093343,0.10735417625522164,0.02354440834693943
172,81215.0,1.0,50.0,15.75,0.0,0.0,133472.82019046033,73235.57180367666,60379.40257577491,49916.68195960385,34352.29854821487,19880.84352207128,8200.325121836573,3459.8385571301446,1483.6926713508399,644.3164815245328,282.6943117945354,55.80042249129667,11.320745857848971,2.3500576976220726,0.49774821725093343,0.10735417625522164,0.02354440834693943
173,81325.0,1.0,50.0,15.75,0.0,0.0,133472.82019046033,73235.57180367666,60379.40257577491,49916.68195960385,34352.29854821487,19880.84352207128,8200.325121836573,3459.8385571301446,1483.6926713508399,644.3164815245328,282.6943117945354,55.80042249129667,11.320745857848971,2.3500576976220726,0.49774821725093343,0.10735417625522164,0.02354440834693943
174,81251.0,1.0,50.0,15.75,0.0,0.0,133472.82019046033,73235.57180367666,60379.40257577491,49916.68195960385,34352.29854821487,19880.84352207128,8200.325121836573,3459.8385571301446,1483.6926713508399,644.3164815245328,282.6943117945354,55.80042249129667,11.320745857848971,2.3500576976220726,0.49774821725093343,0.10735417625522164,0.02354440834693943
175,81187.0,1.0,50.0,15.75,0.0,0.0,133472.82019046033,73235.57180367666,60379.40257577491,49916.68195960385,34352.29854821487,19880.84352207128,8200.325121836573,3459.8385571301446,1483.6926713508399,644.3164815245328,282.6943117945354,55.80042249129667,11.320745857848971,2.3500576976220726,0.49774821725093343,0.10735417625522164,0.02354440834693943
176,81305.0,1.0,50.0,15.75,0.0,0.0,133472.82019046033,73235.57180367666,60379.40257577491,49916.68195960385,34352.29854821487,19880.84352207128,8200.325121836573,3459.8385571301446,1483.6926713508399,644.3164815245328,282.6943117945354,55.80042249129667,11.320745857848971,2.3500576976220726,0.49774821725093343,0.10735417625522164,0.02354440834693943
177,81244.0,1.0,50.0,16.75,0.0,0.0,207357.2757517291,111306.66959939973,91065.52187544666,74699.08193028072,50591.80857197209,28565.66636174807,11293.966142474535,4563.022857706505,1872.6592619500416,777.9685423548253,326.4500279800125,58.91473062184076,10.925715001566774,2.0732652713034554,0.40148473224062065,0.07919309000749937,0.015889914355550146
178,81214.0,1.0,50.0,16.75,0.0,0.0,207357.2757517291,111306.66959939973,91065.52187544666,74699.08193028072,50591.80857197209,28565.66636174807,11293.966142474535,4563.022857706505,1872.6592619500416,777.9685423548253,326.4500279800125,58.91473062184076,10.925715001566774,2.0732652713034554,0.40148473224062065,0.07919309000749937,0.015889914355550146
179,81324.0,1.0,50.0,16.75,0.0,0.0,207357.2757517291,111306.66959939973,91065.52187544666,74699.08193028072,50591.80857197209,28565.66636174807,11293.966142474535,4563.022857706505,1872.6592619500416,777.9685423548253,326.4500279800125,58.91473062184076,10.925715001566774,2.0732652713034554,0.40148473224062065,0.07919309000749937,0.015889914355550146
180,81250.0,1.0,50.0,16.75,0.0,0.0,207357.2757517291,111306.66959939973,91065.52187544666,74699.08193028072,50591.80857197209,28565.66636174807,11293.966142474535,4563.022857706505,1872.6592619500416,777.9685423548253,326.4500279800125,58.91473062184076,10.925715001566774,2.0732652713034554,0.40148473224062065,0.07919309000749937,0.015889914355550146
181,81186.0,1.0,50.0,16.75,0.0,0.0,207357.2757517291,111306.66959939973,91065.52187544666,74699.08193028072,50591.80857197209,28565.66636174807,11293.966142474535,4563.022857706505,1872.6592619500416,777.9685423548253,326.4500279800125,58.91473062184076,10.925715001566774,2.0732652713034554,0.40148473224062065,0.07919309000749937,0.015889914355550146
182,81245.0,1.0,50.0,16.75,0.0,0.0,126976.46333969143,67622.90411337503,55201.153607953376,45185.20096373926,30485.920732690553,17127.517677958876,6724.93445568686,2701.4549054721183,1103.208417381512,456.3212590400559,190.73561788940708,34.18946332354085,6.3038148953289195,1.1901695261369374,0.2294378318619857,0.045073094210352646,0.009010367535034333
183,81215.0,1.0,50.0,16.75,0.0,0.0,126976.46333969143,67622.90411337503,55201.153607953376,45185.20096373926,30485.920732690553,17127.517677958876,6724.93445568686,2701.4549054721183,1103.208417381512,456.3212590400559,190.73561788940708,34.18946332354085,6.3038148953289195,1.1901695261369374,0.2294378318619857,0.045073094210352646,0.009010367535034333
184,81325.0,1.0,50.0,16.75,0.0,0.0,126976.46333969143,67622.90411337503,55201.153607953376,45185.20096373926,30485.920732690553,17127.517677958876,6724.93445568686,2701.4549054721183,1103.208417381512,456.3212590400559,190.73561788940708,34.18946332354085,6.3038148953289195,1.1901695261369374,0.2294378318619857,0.045073094210352646,0.009010367535034333
185,81251.0,1.0,50.0,16.75,0.0,0.0,126976.46333969143,67622.90411337503,55201.153607953376,45185.20096373926,30485.920732690553,17127.517677958876,6724.93445568686,2701.4549054721183,1103.208417381512,456.3212590400559,190.73561788940708,34.18946332354085,6.3038148953289195,1.1901695261369374,0.2294378318619857,0.045073094210352646,0.009010367535034333
186,81187.0,1.0,50.0,16.75,0.0,0.0,126976.46333969143,67622.90411337503,55201.153607953376,45185.20096373926,30485.920732690553,17127.517677958876,6724.93445568686,2701.4549054721183,1103.208417381512,456.3212590400559,190.73561788940708,34.18946332354085,6.3038148953289195,1.1901695261369374,0.2294378318619857,0.045073094210352646,0.009010367535034333
187,81305.0,1.0,50.0,16.75,0.0,0.0,126976.46333969143,67622.90411337503,55201.153607953376,45185.20096373926,30485.920732690553,17127.517677958876,6724.93445568686,2701.4549054721183,1103.208417381512,456.3212590400559,190.73561788940708,34.18946332354085,6.3038148953289195,1.1901695261369374,0.2294378318619857,0.045073094210352646,0.009010367535034333
188,81244.0,1.0,50.0,17.75,0.0,0.0,197264.83253396902,102776.28835447216,83255.57469910847,67618.53745723898,44897.66132195958,24609.567247503892,9261.972046771425,3562.825339734187,1392.4268149075579,550.9770352310848,220.25787289995813,36.097630302456636,6.083846933216272,1.049990027053464,0.1850650254454631,0.033249545860525746,0.0060810178932500705
189,81214.0,1.0,50.0,17.75,0.0,0.0,197264.83253396902,102776.28835447216,83255.57469910847,67618.53745723898,44897.66132195958,24609.567247503892,9261.972046771425,3562.825339734187,1392.4268149075579,550.9770352310848,220.25787289995813,36.097630302456636,6.083846933216272,1.049990027053464,0.1850650254454631,0.033249545860525746,0.0060810178932500705
190,81324.0,1.0,50.0,17.75,0.0,0.0,197264.83253396902,102776.28835447216,83255.57469910847,67618.53745723898,44897.66132195958,24609.567247503892,9261.972046771425,3562.825339734187,1392.4268149075579,550.9770352310848,220.25787289995813,36.097630302456636,6.083846933216272,1.049990027053464,0.1850650254454631,0.033249545860525746,0.0060810178932500705
191,81250.0,1.0,50.0,17.75,0.0,0.0,197264.83253396902,102776.28835447216,83255.57469910847,67618.53745723898,44897.66132195958,24609.567247503892,9261.972046771425,3562.825339734187,1392.4268149075579,550.9770352310848,220.25787289995813,36.097630302456636,6.083846933216272,1.049990027053464,0.1850650254454631,0.033249545860525746,0.0060810178932500705
192,81186.0,1.0,50.0,17.75,0.0,0.0,197264.83253396902,102776.28835447216,83255.57469910847,67618.53745723898,44897.66132195958,24609.567247503892,9261.972046771425,3562.825339734187,1392.4268149075579,550.9770352310848,220.25787289995813,36.097630302456636,6.083846933216272,1.049990027053464,0.1850650254454631,0.033249545860525746,0.0060810178932500705
193,81245.0,1.0,50.0,17.75,0.0,0.0,120796.2955997266,62440.38311034445,50467.00082573243,40902.20555496448,27054.706735721113,14755.50378348489,5514.99394979545,2109.306109459852,820.2971111755445,323.17827872291264,128.69051273339824,20.948217776201684,3.5102000109841964,0.6027526483193684,0.10575973326488114,0.01892412472958183,0.0034482379816078166
194,81215.0,1.0,50.0,17.75,0.0,0.0,120796.2955997266,62440.38311034445,50467.00082573243,40902.20555496448,27054.706735721113,14755.50378348489,5514.99394979545,2109.306109459852,820.2971111755445,323.17827872291264,128.69051273339824,20.948217776201684,3.5102000109841964,0.6027526483193684,0.10575973326488114,0.01892412472958183,0.0034482379816078166
195,81325.0,1.0,50.0,17.75,0.0,0.0,120796.2955997266,62440.38311034445,50467.00082573243,40902.20555496448,27054.706735721113,14755.50378348489,5514.99394979545,2109.306109459852,820.2971111755445,323.17827872291264,128.69051273339824,20.948217776201684,3.5102000109841964,0.6027526483193684,0.10575973326488114,0.01892412472958183,0.0034482379816078166
196,81251.0,1.0,50.0,17.75,0.0,0.0,120796.2955997266,62440.38311034445,50467.00082573243,40902.20555496448,27054.706735721113,14755.50378348489,5514.99394979545,2109.306109459852,820.2971111755445,323.17827872291264,128.69051273339824,20.948217776201684,3.5102000109841964,0.6027526483193684,0.10575973326488114,0.01892412472958183,0.0034482379816078166
197,81187.0,1.0,50.0,17.75,0.0,0.0,120796.2955997266,62440.38311034445,50467.00082573243,40902.20555496448,27054.706735721113,14755.50378348489,5514.99394979545,2109.306109459852,820.2971111755445,323.17827872291264,128.69051273339824,20.948217776201684,3.5102000109841964,0.6027526483193684,0.10575973326488114,0.01892412472958183,0.0034482379816078166
198,81305.0,1.0,50.0,17.75,0.0,0.0,120796.2955997266,62440.38311034445,50467.00082573243,40902.20555496448,27054.706735721113,14755.50378348489,5514.99394979545,2109.306109459852,820.2971111755445,323.17827872291264,128.69051273339824,20.948217776201684,3.5102000109841964,0.6027526483193684,0.10575973326488114,0.01892412472958183,0.0034482379816078166
